"","cluster","Disease.listname","n","p.value","odds ratio","ci.low","ci.high","ad.bc","risk.markers","log10.odds ratio","log2.odds ratio","size.plot","Disease.name","Disease.group","p.value.fdr","significance","median.pct.exp","median.avg.exp","median.avg.exp.scaled","mean.pct.exp","mean.avg.exp","mean.avg.exp.scaled","n.pct.exp.over","fr.pct.exp.over","n.genes","subclass"
"1","GE RG NKX2-1 DLK1","ASD HC65",0,1,0,"0","Inf","0","","-Inf","-Inf",NA,"ASD HC65","GWAS",1,NA,NA,NA,NA,NA,NA,NA,NA,NA,NA,"Patterning centers"
"2","GE RG NKX2-1 DLK1","DD",0,1,0,"0","Inf","0","","-Inf","-Inf",NA,"DD","GWAS",1,NA,NA,NA,NA,NA,NA,NA,NA,NA,NA,"Patterning centers"
"3","GE RG NKX2-1 DLK1","DISGENET::Giant Cell Glioblastoma",0,1,0,"0","Inf","0","","-Inf","-Inf",NA,"Giant Cell Glioblastoma","DISGENET",1,NA,NA,NA,NA,NA,NA,NA,NA,NA,NA,"Patterning centers"
"4","GE RG NKX2-1 DLK1","DISGENET::Glioblastoma",0,1,0,"0","Inf","0","","-Inf","-Inf",NA,"Glioblastoma","DISGENET",1,NA,NA,NA,NA,NA,NA,NA,NA,NA,NA,"Patterning centers"
"5","GE RG NKX2-1 DLK1","DISGENET::Glioblastoma Multiforme",0,1,0,"0","Inf","0","","-Inf","-Inf",NA,"Glioblastoma Multiforme","DISGENET",1,NA,NA,NA,NA,NA,NA,NA,NA,NA,NA,"Patterning centers"
"6","GE RG NKX2-1 DLK1","DISGENET::Glioma",1,0.115876981211766,8.50363657238662,"0.415755762666414","Inf","8.50716049382716","PSD3","0.929604691075474","3.0880799404227",8.50363657238662,"Glioma","DISGENET",0.931829281407809,NA,16.2101732811627,0.734238477457012,1.71264077933184,16.2101732811627,0.734238477457012,1.71264077933184,1,1,1,"Patterning centers"
"7","GE RG NKX2-1 DLK1","DISGENET::M.Oligoastr+Oligodendrogliomas",0,1,0,"0","Inf","0","","-Inf","-Inf",NA,"M.Oligoastr+Oligodendrogliomas","DISGENET",1,NA,NA,NA,NA,NA,NA,NA,NA,NA,NA,"Patterning centers"
"8","GE RG NKX2-1 DLK1","DISGENET::Malignant Glioma",1,0.0926125875034171,10.8198010584535,"0.527148049511489","Inf","10.8242310106717","PSD3","1.03421927555704","3.43560206774699",10.8198010584535,"Malignant Glioma","DISGENET",0.931829281407809,NA,16.2101732811627,0.734238477457012,1.71264077933184,16.2101732811627,0.734238477457012,1.71264077933184,1,1,1,"Patterning centers"
"9","GE RG NKX2-1 DLK1","DISGENET::Medulloblastomas",0,1,0,"0","Inf","0","","-Inf","-Inf",NA,"Medulloblastomas","DISGENET",1,NA,NA,NA,NA,NA,NA,NA,NA,NA,NA,"Patterning centers"
"10","GE RG NKX2-1 DLK1","DISGENET::Neuroblastoma",0,1,0,"0","Inf","0","","-Inf","-Inf",NA,"Neuroblastoma","DISGENET",1,NA,NA,NA,NA,NA,NA,NA,NA,NA,NA,"Patterning centers"
"11","GE RG NKX2-1 DLK1","GWAS::AD 2019",0,1,0,"0","Inf","0","","-Inf","-Inf",NA,"AD 2019","GWAS",1,NA,NA,NA,NA,NA,NA,NA,NA,NA,NA,"Patterning centers"
"12","GE RG NKX2-1 DLK1","GWAS::ADHD 2019",0,1,0,"0","Inf","0","","-Inf","-Inf",NA,"ADHD 2019","GWAS",1,NA,NA,NA,NA,NA,NA,NA,NA,NA,NA,"Patterning centers"
"13","GE RG NKX2-1 DLK1","GWAS::AN 2019",0,1,0,"0","Inf","0","","-Inf","-Inf",NA,"AN 2019","GWAS",1,NA,NA,NA,NA,NA,NA,NA,NA,NA,NA,"Patterning centers"
"14","GE RG NKX2-1 DLK1","GWAS::ASD 2019",1,0.0349695583979117,30.4309656257963,"1.44186976430463","Inf","30.4779541446208","POU3F2","1.48331573347224","4.92746820860989",30.4309656257963,"ASD 2019","GWAS",0.681038786288404,"Sign. nom.",16.0424818334265,0.690988785264717,0.740264888543952,16.0424818334265,0.690988785264717,0.740264888543952,1,1,1,"Patterning centers"
"15","GE RG NKX2-1 DLK1","GWAS::BD 2019",2,0.0343285853255529,7.35679357160751,"1.23519261047273","Inf","7.35840137516115","FSTL5,ANK3","0.866688570101282","2.8790771105372",7.35679357160751,"BD 2019","GWAS",0.681038786288404,"Sign. nom.",15.1481274455003,0.711286890603249,1.83433870321507,15.1481274455003,0.711286890603249,1.83433870321507,2,1,2,"Patterning centers"
"16","GE RG NKX2-1 DLK1","GWAS::IQ 2018",3,0.0993534318557903,2.89309884394356,"0.740064051413353","Inf","2.89341074020319","ESRRG,POU3F2,SALL1","0.461363271755807","1.53261561439477",2.89309884394356,"IQ 2018","GWAS",0.931829281407809,NA,12.520961430967,0.501578845934385,1.86570091346242,13.0799329234209,0.54867070380298,1.70198860066879,3,1,3,"Patterning centers"
"17","GE RG NKX2-1 DLK1","GWAS::MDD 2018",0,1,0,"0","Inf","0","","-Inf","-Inf",NA,"MDD 2018","GWAS",1,NA,NA,NA,NA,NA,NA,NA,NA,NA,NA,"Patterning centers"
"18","GE RG NKX2-1 DLK1","GWAS::NEUROT 2018",1,0.313418528474838,2.74872846196699,"0.13552505296541","Inf","2.74911433172303","PCDH9","0.439131839409126","1.45876439469274",2.74872846196699,"NEUROT 2018","GWAS",1,NA,17.8870877585243,0.788045979008828,1.41429977365342,17.8870877585243,0.788045979008828,1.41429977365342,1,1,1,"Patterning centers"
"19","GE RG NKX2-1 DLK1","GWAS::PD 2014",0,1,0,"0","Inf","0","","-Inf","-Inf",NA,"PD 2014","GWAS",1,NA,NA,NA,NA,NA,NA,NA,NA,NA,NA,"Patterning centers"
"20","GE RG NKX2-1 DLK1","GWAS::SCZ 2020",0,1,0,"0","Inf","0","","-Inf","-Inf",NA,"SCZ 2020","GWAS",1,NA,NA,NA,NA,NA,NA,NA,NA,NA,NA,"Patterning centers"
"21","GE RG NKX2-1 DLK1","MAGMA::AD 2019",0,1,0,"0","Inf","0","","-Inf","-Inf",NA,"AD 2019","MAGMA",1,NA,NA,NA,NA,NA,NA,NA,NA,NA,NA,"Patterning centers"
"22","GE RG NKX2-1 DLK1","MAGMA::ADHD 2019",0,1,0,"0","Inf","0","","-Inf","-Inf",NA,"ADHD 2019","MAGMA",1,NA,NA,NA,NA,NA,NA,NA,NA,NA,NA,"Patterning centers"
"23","GE RG NKX2-1 DLK1","MAGMA::AN 2019",0,1,0,"0","Inf","0","","-Inf","-Inf",NA,"AN 2019","MAGMA",1,NA,NA,NA,NA,NA,NA,NA,NA,NA,NA,"Patterning centers"
"24","GE RG NKX2-1 DLK1","MAGMA::ASD 2019",0,1,0,"0","Inf","0","","-Inf","-Inf",NA,"ASD 2019","MAGMA",1,NA,NA,NA,NA,NA,NA,NA,NA,NA,NA,"Patterning centers"
"25","GE RG NKX2-1 DLK1","MAGMA::BD 2019",0,1,0,"0","Inf","0","","-Inf","-Inf",NA,"BD 2019","MAGMA",1,NA,NA,NA,NA,NA,NA,NA,NA,NA,NA,"Patterning centers"
"26","GE RG NKX2-1 DLK1","MAGMA::IQ 2018",1,0.249993815569756,3.60380502944123,"0.177436992183031","Inf","3.60395622895623","RTN1","0.556761287043909","1.84952096157681",3.60380502944123,"IQ 2018","MAGMA",1,NA,13.9742873113471,0.640141242502994,1.78571819570539,13.9742873113471,0.640141242502994,1.78571819570539,1,1,1,"Patterning centers"
"27","GE RG NKX2-1 DLK1","MAGMA::MDD 2018",1,0.214919366094026,4.29201724253374,"0.211131038385542","Inf","4.29279279279279","RTN1","0.63266145801018","2.10165587191642",4.29201724253374,"MDD 2018","MAGMA",1,NA,13.9742873113471,0.640141242502994,1.78571819570539,13.9742873113471,0.640141242502994,1.78571819570539,1,1,1,"Patterning centers"
"28","GE RG NKX2-1 DLK1","MAGMA::NEUROT 2018",0,1,0,"0","Inf","0","","-Inf","-Inf",NA,"NEUROT 2018","MAGMA",1,NA,NA,NA,NA,NA,NA,NA,NA,NA,NA,"Patterning centers"
"29","GE RG NKX2-1 DLK1","MAGMA::OCD 2018",0,1,0,"0","Inf","0","","-Inf","-Inf",NA,"OCD 2018","MAGMA",1,NA,NA,NA,NA,NA,NA,NA,NA,NA,NA,"Patterning centers"
"30","GE RG NKX2-1 DLK1","MAGMA::PD 2014",1,0.223833407205115,4.0964978782796,"0.201573413611961","Inf","4.09725209080048","PTPRN2","0.612412734259078","2.03439106760202",4.0964978782796,"PD 2014","MAGMA",1,NA,17.272219116825,0.734806440103539,1.45502733183471,17.272219116825,0.734806440103539,1.45502733183471,1,1,1,"Patterning centers"
"31","GE RG NKX2-1 DLK1","MAGMA::SCZ 2020",0,1,0,"0","Inf","0","","-Inf","-Inf",NA,"SCZ 2020","MAGMA",1,NA,NA,NA,NA,NA,NA,NA,NA,NA,NA,"Patterning centers"
"32","GE RG NKX2-1 DLK1","MAGMA::TS 2019",2,0.0273664077630802,8.34418806418798,"1.39973978958851","Inf","8.34664070107108","EFNA5,PCDH9","0.921384083807576","3.06077167418244",8.34418806418798,"TS 2019","MAGMA",0.681038786288404,"Sign. nom.",16.4058133035215,0.738602049295927,1.00469504066895,16.4058133035215,0.738602049295927,1.00469504066895,2,1,2,"Patterning centers"
"33","GE RG NKX2-1 DLK1","SFARI Score2",1,0.265760039288742,3.35305216197353,"0.16516950306004","Inf","3.35351753870272","SEMA5A","0.52544030961166","1.74547492668529",3.35305216197353,"SFARI Score2","GWAS",1,NA,21.6880939072107,1.04381067828391,1.61267683341258,21.6880939072107,1.04381067828391,1.61267683341258,1,1,1,"Patterning centers"
"34","GE RG NKX2-1 DLK1","SFARI Score3",2,0.154781646976002,3.00354634926663,"0.506421609767518","Inf","3.00391737891738","PSD3,PCDH9","0.47763433815633","1.58666692700444",3.00354634926663,"SFARI Score3","GWAS",0.999867714352296,NA,17.0486305198435,0.76114222823292,1.56347027649263,17.0486305198435,0.76114222823292,1.56347027649263,2,1,2,"Patterning centers"
"35","GE RG NKX2-1 DLK1","SFARI Syndromic",0,1,0,"0","Inf","0","","-Inf","-Inf",NA,"SFARI Syndromic","GWAS",1,NA,NA,NA,NA,NA,NA,NA,NA,NA,NA,"Patterning centers"
"36","GE RG NKX2-1 OLIG1","ASD HC65",0,1,0,"0","Inf","0","","-Inf","-Inf",NA,"ASD HC65","GWAS",1,NA,NA,NA,NA,NA,NA,NA,NA,NA,NA,"Patterning centers"
"37","GE RG NKX2-1 OLIG1","DD",0,1,0,"0","Inf","0","","-Inf","-Inf",NA,"DD","GWAS",1,NA,NA,NA,NA,NA,NA,NA,NA,NA,NA,"Patterning centers"
"38","GE RG NKX2-1 OLIG1","DISGENET::Giant Cell Glioblastoma",0,1,0,"0","Inf","0","","-Inf","-Inf",NA,"Giant Cell Glioblastoma","DISGENET",1,NA,NA,NA,NA,NA,NA,NA,NA,NA,NA,"Patterning centers"
"39","GE RG NKX2-1 OLIG1","DISGENET::Glioblastoma",0,1,0,"0","Inf","0","","-Inf","-Inf",NA,"Glioblastoma","DISGENET",1,NA,NA,NA,NA,NA,NA,NA,NA,NA,NA,"Patterning centers"
"40","GE RG NKX2-1 OLIG1","DISGENET::Glioblastoma Multiforme",0,1,0,"0","Inf","0","","-Inf","-Inf",NA,"Glioblastoma Multiforme","DISGENET",1,NA,NA,NA,NA,NA,NA,NA,NA,NA,NA,"Patterning centers"
"41","GE RG NKX2-1 OLIG1","DISGENET::Glioma",1,0.142710868091573,6.75023296017023,"0.332409355742051","Inf","6.75294117647059","PSD3","0.829318761211854","2.75493729248684",6.75023296017023,"Glioma","DISGENET",0.958000725786369,NA,13.426265590609,0.604046139328924,1.20819771164472,13.426265590609,0.604046139328924,1.20819771164472,1,1,1,"Patterning centers"
"42","GE RG NKX2-1 OLIG1","DISGENET::M.Oligoastr+Oligodendrogliomas",0,1,0,"0","Inf","0","","-Inf","-Inf",NA,"M.Oligoastr+Oligodendrogliomas","DISGENET",1,NA,NA,NA,NA,NA,NA,NA,NA,NA,NA,"Patterning centers"
"43","GE RG NKX2-1 OLIG1","DISGENET::Malignant Glioma",1,0.114415009736081,8.58864282343081,"0.421479906601326","Inf","8.59222333000997","PSD3","0.933924542077795","3.10243017483304",8.58864282343081,"Malignant Glioma","DISGENET",0.931829281407809,NA,13.426265590609,0.604046139328924,1.20819771164472,13.426265590609,0.604046139328924,1.20819771164472,1,1,1,"Patterning centers"
"44","GE RG NKX2-1 OLIG1","DISGENET::Medulloblastomas",0,1,0,"0","Inf","0","","-Inf","-Inf",NA,"Medulloblastomas","DISGENET",1,NA,NA,NA,NA,NA,NA,NA,NA,NA,NA,"Patterning centers"
"45","GE RG NKX2-1 OLIG1","DISGENET::Neuroblastoma",0,1,0,"0","Inf","0","","-Inf","-Inf",NA,"Neuroblastoma","DISGENET",1,NA,NA,NA,NA,NA,NA,NA,NA,NA,NA,"Patterning centers"
"46","GE RG NKX2-1 OLIG1","GWAS::AD 2019",0,1,0,"0","Inf","0","","-Inf","-Inf",NA,"AD 2019","GWAS",1,NA,NA,NA,NA,NA,NA,NA,NA,NA,NA,"Patterning centers"
"47","GE RG NKX2-1 OLIG1","GWAS::ADHD 2019",0,1,0,"0","Inf","0","","-Inf","-Inf",NA,"ADHD 2019","GWAS",1,NA,NA,NA,NA,NA,NA,NA,NA,NA,NA,"Patterning centers"
"48","GE RG NKX2-1 OLIG1","GWAS::AN 2019",0,1,0,"0","Inf","0","","-Inf","-Inf",NA,"AN 2019","GWAS",1,NA,NA,NA,NA,NA,NA,NA,NA,NA,NA,"Patterning centers"
"49","GE RG NKX2-1 OLIG1","GWAS::ASD 2019",0,1,0,"0","Inf","0","","-Inf","-Inf",NA,"ASD 2019","GWAS",1,NA,NA,NA,NA,NA,NA,NA,NA,NA,NA,"Patterning centers"
"50","GE RG NKX2-1 OLIG1","GWAS::BD 2019",0,1,0,"0","Inf","0","","-Inf","-Inf",NA,"BD 2019","GWAS",1,NA,NA,NA,NA,NA,NA,NA,NA,NA,NA,"Patterning centers"
"51","GE RG NKX2-1 OLIG1","GWAS::IQ 2018",1,0.760134108438007,0.706742624207993,"0.0351905310531642","Inf","0.70673363411935","PCDH17","-0.150738715250871","-0.500743173179094",0.706742624207993,"IQ 2018","GWAS",1,NA,14.7468818782098,0.698576319974377,1.20054430913613,14.7468818782098,0.698576319974377,1.20054430913613,1,1,1,"Patterning centers"
"52","GE RG NKX2-1 OLIG1","GWAS::MDD 2018",0,1,0,"0","Inf","0","","-Inf","-Inf",NA,"MDD 2018","GWAS",1,NA,NA,NA,NA,NA,NA,NA,NA,NA,NA,"Patterning centers"
"53","GE RG NKX2-1 OLIG1","GWAS::NEUROT 2018",1,0.375081290626262,2.18214854590346,"0.108355764503463","Inf","2.18222506393862","PCDH9","0.338884311087492","1.12574931391809",2.18214854590346,"NEUROT 2018","GWAS",1,NA,18.1951577402788,0.859238351046475,1.67056036492088,18.1951577402788,0.859238351046475,1.67056036492088,1,1,1,"Patterning centers"
"54","GE RG NKX2-1 OLIG1","GWAS::PD 2014",1,0.0512416828649608,20.2925216548087,"0.975093666345811","Inf","20.3176470588235","STK39","1.30733601808913","4.34287624794846",20.2925216548087,"PD 2014","GWAS",0.737388657299441,NA,16.4343360234776,0.734503572447993,1.45538770789796,16.4343360234776,0.734503572447993,1.45538770789796,1,1,1,"Patterning centers"
"55","GE RG NKX2-1 OLIG1","GWAS::SCZ 2020",0,1,0,"0","Inf","0","","-Inf","-Inf",NA,"SCZ 2020","GWAS",1,NA,NA,NA,NA,NA,NA,NA,NA,NA,NA,"Patterning centers"
"56","GE RG NKX2-1 OLIG1","MAGMA::AD 2019",0,1,0,"0","Inf","0","","-Inf","-Inf",NA,"AD 2019","MAGMA",1,NA,NA,NA,NA,NA,NA,NA,NA,NA,NA,"Patterning centers"
"57","GE RG NKX2-1 OLIG1","MAGMA::ADHD 2019",0,1,0,"0","Inf","0","","-Inf","-Inf",NA,"ADHD 2019","MAGMA",1,NA,NA,NA,NA,NA,NA,NA,NA,NA,NA,"Patterning centers"
"58","GE RG NKX2-1 OLIG1","MAGMA::AN 2019",1,0.290595459288073,2.9980205705129,"0.148651659744069","Inf","2.9984243697479","ZEB2","0.476834608375367","1.58401028217674",2.9980205705129,"AN 2019","MAGMA",1,NA,21.019809244314,0.976720391803195,1.88588032524718,21.019809244314,0.976720391803195,1.88588032524718,1,1,1,"Patterning centers"
"59","GE RG NKX2-1 OLIG1","MAGMA::ASD 2019",1,0.274489470431229,3.21012291270767,"0.159104591998153","Inf","3.21056575496441","NEDD4L","0.506521661466785","1.68262853789554",3.21012291270767,"ASD 2019","MAGMA",1,NA,13.0961115187087,0.579322883576484,1.74196695780001,13.0961115187087,0.579322883576484,1.74196695780001,1,1,1,"Patterning centers"
"60","GE RG NKX2-1 OLIG1","MAGMA::BD 2019",0,1,0,"0","Inf","0","","-Inf","-Inf",NA,"BD 2019","MAGMA",1,NA,NA,NA,NA,NA,NA,NA,NA,NA,NA,"Patterning centers"
"61","GE RG NKX2-1 OLIG1","MAGMA::IQ 2018",0,1,0,"0","Inf","0","","-Inf","-Inf",NA,"IQ 2018","MAGMA",1,NA,NA,NA,NA,NA,NA,NA,NA,NA,NA,"Patterning centers"
"62","GE RG NKX2-1 OLIG1","MAGMA::MDD 2018",0,1,0,"0","Inf","0","","-Inf","-Inf",NA,"MDD 2018","MAGMA",1,NA,NA,NA,NA,NA,NA,NA,NA,NA,NA,"Patterning centers"
"63","GE RG NKX2-1 OLIG1","MAGMA::NEUROT 2018",0,1,0,"0","Inf","0","","-Inf","-Inf",NA,"NEUROT 2018","MAGMA",1,NA,NA,NA,NA,NA,NA,NA,NA,NA,NA,"Patterning centers"
"64","GE RG NKX2-1 OLIG1","MAGMA::OCD 2018",0,1,0,"0","Inf","0","","-Inf","-Inf",NA,"OCD 2018","MAGMA",1,NA,NA,NA,NA,NA,NA,NA,NA,NA,NA,"Patterning centers"
"65","GE RG NKX2-1 OLIG1","MAGMA::PD 2014",0,1,0,"0","Inf","0","","-Inf","-Inf",NA,"PD 2014","MAGMA",1,NA,NA,NA,NA,NA,NA,NA,NA,NA,NA,"Patterning centers"
"66","GE RG NKX2-1 OLIG1","MAGMA::SCZ 2020",1,0.256514180214704,3.47817291444016,"0.17230448988535","Inf","3.47870182555781","ZEB2","0.541351168788175","1.79832965679755",3.47817291444016,"SCZ 2020","MAGMA",1,NA,21.019809244314,0.976720391803195,1.88588032524718,21.019809244314,0.976720391803195,1.88588032524718,1,1,1,"Patterning centers"
"67","GE RG NKX2-1 OLIG1","MAGMA::TS 2019",2,0.0413146095091174,6.571391672232,"1.11373421527786","Inf","6.57345607978519","PCDH17,PCDH9","0.81765735305564","2.71619893310677",6.571391672232,"TS 2019","MAGMA",0.723005666409555,"Sign. nom.",16.4710198092443,0.778907335510426,1.43555233702851,16.4710198092443,0.778907335510426,1.43555233702851,2,1,2,"Patterning centers"
"68","GE RG NKX2-1 OLIG1","SFARI Score2",2,0.0561819929371003,5.51413887074585,"0.935619033047807","Inf","5.51482914248872","SEMA5A,ZMIZ1","0.741477699390205","2.46313560133677",5.51413887074585,"SFARI Score2","GWAS",0.737388657299441,NA,14.6918561995598,0.664931769911217,1.08729765701347,14.6918561995598,0.664931769911217,1.08729765701347,2,1,2,"Patterning centers"
"69","GE RG NKX2-1 OLIG1","SFARI Score3",5,0.00168149794516518,6.55057447482278,"2.41027687721538","Inf","6.55244755244755","PCDH10,PSD3,STK39,DLX2,PCDH9","0.816279388587999","2.71162143422795",6.55057447482278,"SFARI Score3","GWAS",0.264835926363516,"Sign. nom.",16.4343360234776,0.734503572447993,1.45538770789796,15.8767424798239,0.74809432289659,1.50965986205996,5,1,5,"Patterning centers"
"70","GE RG NKX2-1 OLIG1","SFARI Syndromic",1,0.209662401104682,4.39316244944234,"0.21725497353551","Inf","4.39386189258312","ZMIZ1","0.642777262812776","2.13525984809256",4.39316244944234,"SFARI Syndromic","GWAS",1,NA,15.6639765223771,0.691815639191129,1.55787205087867,15.6639765223771,0.691815639191129,1.55787205087867,1,1,1,"Patterning centers"
"71","PC FGF17","ASD HC65",0,1,0,"0","Inf","0","","-Inf","-Inf",NA,"ASD HC65","GWAS",1,NA,NA,NA,NA,NA,NA,NA,NA,NA,NA,"Patterning centers"
"72","PC FGF17","DD",0,1,0,"0","Inf","0","","-Inf","-Inf",NA,"DD","GWAS",1,NA,NA,NA,NA,NA,NA,NA,NA,NA,NA,"Patterning centers"
"73","PC FGF17","DISGENET::Giant Cell Glioblastoma",1,0.197344022290387,4.68465912728906,"0.232690496124227","Inf","4.68572984749455","DUSP6","0.670677995539017","2.2279440760038",4.68465912728906,"Giant Cell Glioblastoma","DISGENET",1,NA,43.1634111481658,1.98328125794727,2.37930010297868,43.1634111481658,1.98328125794727,2.37930010297868,1,1,1,"Patterning centers"
"74","PC FGF17","DISGENET::Glioblastoma",1,0.177735228158198,5.27339218427293,"0.261461928887705","Inf","5.27389705882353","DUSP6","0.722090071185808","2.39873129451135",5.27339218427293,"Glioblastoma","DISGENET",1,NA,43.1634111481658,1.98328125794727,2.37930010297868,43.1634111481658,1.98328125794727,2.37930010297868,1,1,1,"Patterning centers"
"75","PC FGF17","DISGENET::Glioblastoma Multiforme",2,0.0343025246833621,7.23323145099866,"1.23520323301606","Inf","7.23494736842105","MAPKAPK3,DUSP6","0.859332361997895","2.85464031616672",7.23323145099866,"Glioblastoma Multiforme","DISGENET",0.681038786288404,"Sign. nom.",29.0376369699857,1.25180675354212,2.20347898242717,29.0376369699857,1.25180675354212,2.20347898242717,2,1,2,"Patterning centers"
"76","PC FGF17","DISGENET::Glioma",0,1,0,"0","Inf","0","","-Inf","-Inf",NA,"Glioma","DISGENET",1,NA,NA,NA,NA,NA,NA,NA,NA,NA,NA,"Patterning centers"
"77","PC FGF17","DISGENET::M.Oligoastr+Oligodendrogliomas",0,1,0,"0","Inf","0","","-Inf","-Inf",NA,"M.Oligoastr+Oligodendrogliomas","DISGENET",1,NA,NA,NA,NA,NA,NA,NA,NA,NA,NA,"Patterning centers"
"78","PC FGF17","DISGENET::Malignant Glioma",0,1,0,"0","Inf","0","","-Inf","-Inf",NA,"Malignant Glioma","DISGENET",1,NA,NA,NA,NA,NA,NA,NA,NA,NA,NA,"Patterning centers"
"79","PC FGF17","DISGENET::Medulloblastomas",0,1,0,"0","Inf","0","","-Inf","-Inf",NA,"Medulloblastomas","DISGENET",1,NA,NA,NA,NA,NA,NA,NA,NA,NA,NA,"Patterning centers"
"80","PC FGF17","DISGENET::Neuroblastoma",0,1,0,"0","Inf","0","","-Inf","-Inf",NA,"Neuroblastoma","DISGENET",1,NA,NA,NA,NA,NA,NA,NA,NA,NA,NA,"Patterning centers"
"81","PC FGF17","GWAS::AD 2019",0,1,0,"0","Inf","0","","-Inf","-Inf",NA,"AD 2019","GWAS",1,NA,NA,NA,NA,NA,NA,NA,NA,NA,NA,"Patterning centers"
"82","PC FGF17","GWAS::ADHD 2019",1,0.0555253064197518,18.7869013149832,"0.897705562219078","Inf","18.80174291939","DUSP6","1.27385515408774","4.23165522518114",18.7869013149832,"ADHD 2019","GWAS",0.737388657299441,NA,43.1634111481658,1.98328125794727,2.37930010297868,43.1634111481658,1.98328125794727,2.37930010297868,1,1,1,"Patterning centers"
"83","PC FGF17","GWAS::AN 2019",1,0.244381575721958,3.66246244424641,"0.182423678513305","Inf","3.66283034953112","MAPKAPK3","0.563773180026965","1.87281396587557",3.66246244424641,"AN 2019","GWAS",1,NA,14.9118627918056,0.520332249136977,2.02765786187565,14.9118627918056,0.520332249136977,2.02765786187565,1,1,1,"Patterning centers"
"84","PC FGF17","GWAS::ASD 2019",0,1,0,"0","Inf","0","","-Inf","-Inf",NA,"ASD 2019","GWAS",1,NA,NA,NA,NA,NA,NA,NA,NA,NA,NA,"Patterning centers"
"85","PC FGF17","GWAS::BD 2019",1,0.421183463808906,1.86247709460451,"0.0932391701833504","Inf","1.86252723311547","CSRNP3","0.27009094034756","0.897222682915105",1.86247709460451,"BD 2019","GWAS",1,NA,23.2015245354931,0.884018516718745,2.26465523934376,23.2015245354931,0.884018516718745,2.26465523934376,1,1,1,"Patterning centers"
"86","PC FGF17","GWAS::IQ 2018",2,0.620399753652582,0.961625221260956,"0.166142765550552","Inf","0.961623188405797","MAPKAPK3,FGF8","-0.0169941546270926","-0.0564533597045988",0.961625221260956,"IQ 2018","GWAS",1,NA,16.5078608861362,1.07908580043064,2.26382893093782,16.5078608861362,1.07908580043064,2.26382893093782,2,1,2,"Patterning centers"
"87","PC FGF17","GWAS::MDD 2018",0,1,0,"0","Inf","0","","-Inf","-Inf",NA,"MDD 2018","GWAS",1,NA,NA,NA,NA,NA,NA,NA,NA,NA,NA,"Patterning centers"
"88","PC FGF17","GWAS::NEUROT 2018",1,0.502833382503204,1.45329596608643,"0.0728415982118596","Inf","1.45336743393009","SERPING1","0.16235406808257","0.539328540082746",1.45329596608643,"NEUROT 2018","GWAS",1,NA,17.3415912339209,0.613911105353411,2.07498009830229,17.3415912339209,0.613911105353411,2.07498009830229,1,1,1,"Patterning centers"
"89","PC FGF17","GWAS::PD 2014",0,1,0,"0","Inf","0","","-Inf","-Inf",NA,"PD 2014","GWAS",1,NA,NA,NA,NA,NA,NA,NA,NA,NA,NA,"Patterning centers"
"90","PC FGF17","GWAS::SCZ 2020",0,1,0,"0","Inf","0","","-Inf","-Inf",NA,"SCZ 2020","GWAS",1,NA,NA,NA,NA,NA,NA,NA,NA,NA,NA,"Patterning centers"
"91","PC FGF17","MAGMA::AD 2019",1,0.371765417342116,2.19465769614988,"0.109762082798631","Inf","2.19466871716007","KLHDC9","0.341366792338483","1.13399593813079",2.19465769614988,"AD 2019","MAGMA",1,NA,17.9132920438304,0.62289595067598,1.4643399052991,17.9132920438304,0.62289595067598,1.4643399052991,1,1,1,"Patterning centers"
"92","PC FGF17","MAGMA::ADHD 2019",1,0.384961162486043,2.09766741872855,"0.104946143930229","Inf","2.09779411764706","DUSP6","0.321736632732385","1.06878595942817",2.09766741872855,"ADHD 2019","MAGMA",1,NA,43.1634111481658,1.98328125794727,2.37930010297868,43.1634111481658,1.98328125794727,2.37930010297868,1,1,1,"Patterning centers"
"93","PC FGF17","MAGMA::AN 2019",0,1,0,"0","Inf","0","","-Inf","-Inf",NA,"AN 2019","MAGMA",1,NA,NA,NA,NA,NA,NA,NA,NA,NA,NA,"Patterning centers"
"94","PC FGF17","MAGMA::ASD 2019",0,1,0,"0","Inf","0","","-Inf","-Inf",NA,"ASD 2019","MAGMA",1,NA,NA,NA,NA,NA,NA,NA,NA,NA,NA,"Patterning centers"
"95","PC FGF17","MAGMA::BD 2019",0,1,0,"0","Inf","0","","-Inf","-Inf",NA,"BD 2019","MAGMA",1,NA,NA,NA,NA,NA,NA,NA,NA,NA,NA,"Patterning centers"
"96","PC FGF17","MAGMA::IQ 2018",2,0.0987949261791633,3.90864106824961,"0.671634676441399","Inf","3.90925714285714","FGF8,CSRNP3","0.592025790863124","1.96666710756612",3.90864106824961,"IQ 2018","MAGMA",0.931829281407809,NA,20.65269175798,1.26092893422152,2.38232761967188,20.65269175798,1.26092893422152,2.38232761967188,2,1,2,"Patterning centers"
"97","PC FGF17","MAGMA::MDD 2018",1,0.362170283260905,2.26930015793996,"0.113479128798278","Inf","2.26947535771065","DUSP6","0.355891943357636","1.18224744538379",2.26930015793996,"MDD 2018","MAGMA",1,NA,43.1634111481658,1.98328125794727,2.37930010297868,43.1634111481658,1.98328125794727,2.37930010297868,1,1,1,"Patterning centers"
"98","PC FGF17","MAGMA::NEUROT 2018",0,1,0,"0","Inf","0","","-Inf","-Inf",NA,"NEUROT 2018","MAGMA",1,NA,NA,NA,NA,NA,NA,NA,NA,NA,NA,"Patterning centers"
"99","PC FGF17","MAGMA::OCD 2018",1,0.37366738510517,2.18023895435544,"0.109047455344585","Inf","2.18029029793736","LYN","0.338504094921498","1.12448626315414",2.18023895435544,"OCD 2018","MAGMA",1,NA,10.2906145783707,0.339846147587261,2.5,10.2906145783707,0.339846147587261,2.5,1,1,1,"Patterning centers"
"100","PC FGF17","MAGMA::PD 2014",1,0.375563705103687,2.16601736076283,"0.108341991240162","Inf","2.16609740670462","PTPRN2","0.335661933200328","1.11504480628237",2.16601736076283,"PD 2014","MAGMA",1,NA,17.770366841353,0.638075750860833,1.04595512085376,17.770366841353,0.638075750860833,1.04595512085376,1,1,1,"Patterning centers"
"101","PC FGF17","MAGMA::SCZ 2020",0,1,0,"0","Inf","0","","-Inf","-Inf",NA,"SCZ 2020","MAGMA",1,NA,NA,NA,NA,NA,NA,NA,NA,NA,NA,"Patterning centers"
"102","PC FGF17","MAGMA::TS 2019",1,0.38309283560494,2.11098613689834,"0.105608331521852","Inf","2.11111111111111","EFNA5","0.324485381252553","1.07791710436309",2.11098613689834,"TS 2019","MAGMA",1,NA,17.770366841353,0.65759007561402,0.514982482388677,17.770366841353,0.65759007561402,0.514982482388677,1,1,1,"Patterning centers"
"103","PC FGF17","SFARI Score2",0,1,0,"0","Inf","0","","-Inf","-Inf",NA,"SFARI Score2","GWAS",1,NA,NA,NA,NA,NA,NA,NA,NA,NA,NA,"Patterning centers"
"104","PC FGF17","SFARI Score3",1,0.733079269597929,0.762813818034042,"0.0383064862531213","Inf","0.76280396685233","CAMK4","-0.117581448502826","-0.39059711721909",0.762813818034042,"SFARI Score3","GWAS",1,NA,17.9132920438304,0.651919120280985,2.5,17.9132920438304,0.651919120280985,2.5,1,1,1,"Patterning centers"
"105","PC FGF17","SFARI Syndromic",0,1,0,"0","Inf","0","","-Inf","-Inf",NA,"SFARI Syndromic","GWAS",1,NA,NA,NA,NA,NA,NA,NA,NA,NA,NA,"Patterning centers"
"106","PC NKX2-1 LMO1","ASD HC65",0,1,0,"0","Inf","0","","-Inf","-Inf",NA,"ASD HC65","GWAS",1,NA,NA,NA,NA,NA,NA,NA,NA,NA,NA,"Patterning centers"
"107","PC NKX2-1 LMO1","DD",0,1,0,"0","Inf","0","","-Inf","-Inf",NA,"DD","GWAS",1,NA,NA,NA,NA,NA,NA,NA,NA,NA,NA,"Patterning centers"
"108","PC NKX2-1 LMO1","DISGENET::Giant Cell Glioblastoma",1,0.122757879988736,7.97238492957651,"0.390924762986041","Inf","7.97546296296296","HEY1","0.90158825951605","2.99501136930696",7.97238492957651,"Giant Cell Glioblastoma","DISGENET",0.943139809669557,NA,16.1977186311787,0.852050358063089,1.89809759464077,16.1977186311787,0.852050358063089,1.89809759464077,1,1,1,"Patterning centers"
"109","PC NKX2-1 LMO1","DISGENET::Glioblastoma",1,0.110051868275821,8.9731939569964,"0.439260836839996","Inf","8.9765625","HEY1","0.952947055195858","3.1656215955953",8.9731939569964,"Glioblastoma","DISGENET",0.931829281407809,NA,16.1977186311787,0.852050358063089,1.89809759464077,16.1977186311787,0.852050358063089,1.89809759464077,1,1,1,"Patterning centers"
"110","PC NKX2-1 LMO1","DISGENET::Glioblastoma Multiforme",1,0.159831460416652,5.9714904565695,"0.293766529268929","Inf","5.97326388888889","HEY1","0.776082742565842","2.57809106648671",5.9714904565695,"Glioblastoma Multiforme","DISGENET",0.999867714352296,NA,16.1977186311787,0.852050358063089,1.89809759464077,16.1977186311787,0.852050358063089,1.89809759464077,1,1,1,"Patterning centers"
"111","PC NKX2-1 LMO1","DISGENET::Glioma",0,1,0,"0","Inf","0","","-Inf","-Inf",NA,"Glioma","DISGENET",1,NA,NA,NA,NA,NA,NA,NA,NA,NA,NA,"Patterning centers"
"112","PC NKX2-1 LMO1","DISGENET::M.Oligoastr+Oligodendrogliomas",1,0.0540360024146311,19.1619973985425,"0.923233905097194","Inf","19.1877777777778","HEY1","1.28244077686949","4.26017604671194",19.1619973985425,"M.Oligoastr+Oligodendrogliomas","DISGENET",0.737388657299441,NA,16.1977186311787,0.852050358063089,1.89809759464077,16.1977186311787,0.852050358063089,1.89809759464077,1,1,1,"Patterning centers"
"113","PC NKX2-1 LMO1","DISGENET::Malignant Glioma",0,1,0,"0","Inf","0","","-Inf","-Inf",NA,"Malignant Glioma","DISGENET",1,NA,NA,NA,NA,NA,NA,NA,NA,NA,NA,"Patterning centers"
"114","PC NKX2-1 LMO1","DISGENET::Medulloblastomas",0,1,0,"0","Inf","0","","-Inf","-Inf",NA,"Medulloblastomas","DISGENET",1,NA,NA,NA,NA,NA,NA,NA,NA,NA,NA,"Patterning centers"
"115","PC NKX2-1 LMO1","DISGENET::Neuroblastoma",0,1,0,"0","Inf","0","","-Inf","-Inf",NA,"Neuroblastoma","DISGENET",1,NA,NA,NA,NA,NA,NA,NA,NA,NA,NA,"Patterning centers"
"116","PC NKX2-1 LMO1","GWAS::AD 2019",0,1,0,"0","Inf","0","","-Inf","-Inf",NA,"AD 2019","GWAS",1,NA,NA,NA,NA,NA,NA,NA,NA,NA,NA,"Patterning centers"
"117","PC NKX2-1 LMO1","GWAS::ADHD 2019",0,1,0,"0","Inf","0","","-Inf","-Inf",NA,"ADHD 2019","GWAS",1,NA,NA,NA,NA,NA,NA,NA,NA,NA,NA,"Patterning centers"
"118","PC NKX2-1 LMO1","GWAS::AN 2019",0,1,0,"0","Inf","0","","-Inf","-Inf",NA,"AN 2019","GWAS",1,NA,NA,NA,NA,NA,NA,NA,NA,NA,NA,"Patterning centers"
"119","PC NKX2-1 LMO1","GWAS::ASD 2019",0,1,0,"0","Inf","0","","-Inf","-Inf",NA,"ASD 2019","GWAS",1,NA,NA,NA,NA,NA,NA,NA,NA,NA,NA,"Patterning centers"
"120","PC NKX2-1 LMO1","GWAS::BD 2019",0,1,0,"0","Inf","0","","-Inf","-Inf",NA,"BD 2019","GWAS",1,NA,NA,NA,NA,NA,NA,NA,NA,NA,NA,"Patterning centers"
"121","PC NKX2-1 LMO1","GWAS::IQ 2018",1,0.717580925068654,0.801165212461419,"0.0397447459250054","Inf","0.801157742402316","PCDH17","-0.0962779165477628","-0.319828315897234",0.801165212461419,"IQ 2018","GWAS",1,NA,18.2509505703422,0.861934562651677,1.85173452091428,18.2509505703422,0.861934562651677,1.85173452091428,1,1,1,"Patterning centers"
"122","PC NKX2-1 LMO1","GWAS::MDD 2018",0,1,0,"0","Inf","0","","-Inf","-Inf",NA,"MDD 2018","GWAS",1,NA,NA,NA,NA,NA,NA,NA,NA,NA,NA,"Patterning centers"
"123","PC NKX2-1 LMO1","GWAS::NEUROT 2018",0,1,0,"0","Inf","0","","-Inf","-Inf",NA,"NEUROT 2018","GWAS",1,NA,NA,NA,NA,NA,NA,NA,NA,NA,NA,"Patterning centers"
"124","PC NKX2-1 LMO1","GWAS::PD 2014",0,1,0,"0","Inf","0","","-Inf","-Inf",NA,"PD 2014","GWAS",1,NA,NA,NA,NA,NA,NA,NA,NA,NA,NA,"Patterning centers"
"125","PC NKX2-1 LMO1","GWAS::SCZ 2020",0,1,0,"0","Inf","0","","-Inf","-Inf",NA,"SCZ 2020","GWAS",1,NA,NA,NA,NA,NA,NA,NA,NA,NA,NA,"Patterning centers"
"126","PC NKX2-1 LMO1","MAGMA::AD 2019",0,1,0,"0","Inf","0","","-Inf","-Inf",NA,"AD 2019","MAGMA",1,NA,NA,NA,NA,NA,NA,NA,NA,NA,NA,"Patterning centers"
"127","PC NKX2-1 LMO1","MAGMA::ADHD 2019",0,1,0,"0","Inf","0","","-Inf","-Inf",NA,"ADHD 2019","MAGMA",1,NA,NA,NA,NA,NA,NA,NA,NA,NA,NA,"Patterning centers"
"128","PC NKX2-1 LMO1","MAGMA::AN 2019",0,1,0,"0","Inf","0","","-Inf","-Inf",NA,"AN 2019","MAGMA",1,NA,NA,NA,NA,NA,NA,NA,NA,NA,NA,"Patterning centers"
"129","PC NKX2-1 LMO1","MAGMA::ASD 2019",0,1,0,"0","Inf","0","","-Inf","-Inf",NA,"ASD 2019","MAGMA",1,NA,NA,NA,NA,NA,NA,NA,NA,NA,NA,"Patterning centers"
"130","PC NKX2-1 LMO1","MAGMA::BD 2019",0,1,0,"0","Inf","0","","-Inf","-Inf",NA,"BD 2019","MAGMA",1,NA,NA,NA,NA,NA,NA,NA,NA,NA,NA,"Patterning centers"
"131","PC NKX2-1 LMO1","MAGMA::IQ 2018",0,1,0,"0","Inf","0","","-Inf","-Inf",NA,"IQ 2018","MAGMA",1,NA,NA,NA,NA,NA,NA,NA,NA,NA,NA,"Patterning centers"
"132","PC NKX2-1 LMO1","MAGMA::MDD 2018",0,1,0,"0","Inf","0","","-Inf","-Inf",NA,"MDD 2018","MAGMA",1,NA,NA,NA,NA,NA,NA,NA,NA,NA,NA,"Patterning centers"
"133","PC NKX2-1 LMO1","MAGMA::NEUROT 2018",0,1,0,"0","Inf","0","","-Inf","-Inf",NA,"NEUROT 2018","MAGMA",1,NA,NA,NA,NA,NA,NA,NA,NA,NA,NA,"Patterning centers"
"134","PC NKX2-1 LMO1","MAGMA::OCD 2018",0,1,0,"0","Inf","0","","-Inf","-Inf",NA,"OCD 2018","MAGMA",1,NA,NA,NA,NA,NA,NA,NA,NA,NA,NA,"Patterning centers"
"135","PC NKX2-1 LMO1","MAGMA::PD 2014",0,1,0,"0","Inf","0","","-Inf","-Inf",NA,"PD 2014","MAGMA",1,NA,NA,NA,NA,NA,NA,NA,NA,NA,NA,"Patterning centers"
"136","PC NKX2-1 LMO1","MAGMA::SCZ 2020",0,1,0,"0","Inf","0","","-Inf","-Inf",NA,"SCZ 2020","MAGMA",1,NA,NA,NA,NA,NA,NA,NA,NA,NA,NA,"Patterning centers"
"137","PC NKX2-1 LMO1","MAGMA::TS 2019",2,0.0330668623441966,7.47983221457885,"1.2609709085782","Inf","7.48188563945875","SLC10A4,PCDH17","0.873891856006196","2.90300590836024",7.47983221457885,"TS 2019","MAGMA",0.681038786288404,"Sign. nom.",15.6273764258555,0.719788160351692,2.06887715182479,15.6273764258555,0.719788160351692,2.06887715182479,2,1,2,"Patterning centers"
"138","PC NKX2-1 LMO1","SFARI Score2",1,0.289685676084924,3.01722922889609,"0.149146032988994","Inf","3.01763668430335","SPARCL1","0.479608306218372","1.59322430696815",3.01722922889609,"SFARI Score2","GWAS",1,NA,10.4182509505703,0.601110203804741,1.81137698967136,10.4182509505703,0.601110203804741,1.81137698967136,1,1,1,"Patterning centers"
"139","PC NKX2-1 LMO1","SFARI Score3",1,0.544754354816303,1.29835895188464,"0.0643582404055254","Inf","1.29838337182448","DLX2","0.113394776648896","0.376689294363447",1.29835895188464,"SFARI Score3","GWAS",1,NA,16.8060836501901,1.27779879333242,2.07787639521042,16.8060836501901,1.27779879333242,2.07787639521042,1,1,1,"Patterning centers"
"140","PC NKX2-1 LMO1","SFARI Syndromic",0,1,0,"0","Inf","0","","-Inf","-Inf",NA,"SFARI Syndromic","GWAS",1,NA,NA,NA,NA,NA,NA,NA,NA,NA,NA,"Patterning centers"
"141","PC NKX2-1 NKX6-2","ASD HC65",0,1,0,"0","Inf","0","","-Inf","-Inf",NA,"ASD HC65","GWAS",1,NA,NA,NA,NA,NA,NA,NA,NA,NA,NA,"Patterning centers"
"142","PC NKX2-1 NKX6-2","DD",0,1,0,"0","Inf","0","","-Inf","-Inf",NA,"DD","GWAS",1,NA,NA,NA,NA,NA,NA,NA,NA,NA,NA,"Patterning centers"
"143","PC NKX2-1 NKX6-2","DISGENET::Giant Cell Glioblastoma",0,1,0,"0","Inf","0","","-Inf","-Inf",NA,"Giant Cell Glioblastoma","DISGENET",1,NA,NA,NA,NA,NA,NA,NA,NA,NA,NA,"Patterning centers"
"144","PC NKX2-1 NKX6-2","DISGENET::Glioblastoma",0,1,0,"0","Inf","0","","-Inf","-Inf",NA,"Glioblastoma","DISGENET",1,NA,NA,NA,NA,NA,NA,NA,NA,NA,NA,"Patterning centers"
"145","PC NKX2-1 NKX6-2","DISGENET::Glioblastoma Multiforme",0,1,0,"0","Inf","0","","-Inf","-Inf",NA,"Glioblastoma Multiforme","DISGENET",1,NA,NA,NA,NA,NA,NA,NA,NA,NA,NA,"Patterning centers"
"146","PC NKX2-1 NKX6-2","DISGENET::Glioma",0,1,0,"0","Inf","0","","-Inf","-Inf",NA,"Glioma","DISGENET",1,NA,NA,NA,NA,NA,NA,NA,NA,NA,NA,"Patterning centers"
"147","PC NKX2-1 NKX6-2","DISGENET::M.Oligoastr+Oligodendrogliomas",0,1,0,"0","Inf","0","","-Inf","-Inf",NA,"M.Oligoastr+Oligodendrogliomas","DISGENET",1,NA,NA,NA,NA,NA,NA,NA,NA,NA,NA,"Patterning centers"
"148","PC NKX2-1 NKX6-2","DISGENET::Malignant Glioma",0,1,0,"0","Inf","0","","-Inf","-Inf",NA,"Malignant Glioma","DISGENET",1,NA,NA,NA,NA,NA,NA,NA,NA,NA,NA,"Patterning centers"
"149","PC NKX2-1 NKX6-2","DISGENET::Medulloblastomas",0,1,0,"0","Inf","0","","-Inf","-Inf",NA,"Medulloblastomas","DISGENET",1,NA,NA,NA,NA,NA,NA,NA,NA,NA,NA,"Patterning centers"
"150","PC NKX2-1 NKX6-2","DISGENET::Neuroblastoma",0,1,0,"0","Inf","0","","-Inf","-Inf",NA,"Neuroblastoma","DISGENET",1,NA,NA,NA,NA,NA,NA,NA,NA,NA,NA,"Patterning centers"
"151","PC NKX2-1 NKX6-2","GWAS::AD 2019",0,1,0,"0","Inf","0","","-Inf","-Inf",NA,"AD 2019","GWAS",1,NA,NA,NA,NA,NA,NA,NA,NA,NA,NA,"Patterning centers"
"152","PC NKX2-1 NKX6-2","GWAS::ADHD 2019",0,1,0,"0","Inf","0","","-Inf","-Inf",NA,"ADHD 2019","GWAS",1,NA,NA,NA,NA,NA,NA,NA,NA,NA,NA,"Patterning centers"
"153","PC NKX2-1 NKX6-2","GWAS::AN 2019",0,1,0,"0","Inf","0","","-Inf","-Inf",NA,"AN 2019","GWAS",1,NA,NA,NA,NA,NA,NA,NA,NA,NA,NA,"Patterning centers"
"154","PC NKX2-1 NKX6-2","GWAS::ASD 2019",0,1,0,"0","Inf","0","","-Inf","-Inf",NA,"ASD 2019","GWAS",1,NA,NA,NA,NA,NA,NA,NA,NA,NA,NA,"Patterning centers"
"155","PC NKX2-1 NKX6-2","GWAS::BD 2019",0,1,0,"0","Inf","0","","-Inf","-Inf",NA,"BD 2019","GWAS",1,NA,NA,NA,NA,NA,NA,NA,NA,NA,NA,"Patterning centers"
"156","PC NKX2-1 NKX6-2","GWAS::IQ 2018",2,0.516794079255349,1.17333441959063,"0.201589280305035","Inf","1.17334747260516","ANKRD54,SLC35D2","0.0694218108226706","0.230614263769785",1.17333441959063,"IQ 2018","GWAS",1,NA,14.0202702702702,0.551805293529368,1.94723309142339,14.0202702702702,0.551805293529368,1.94723309142339,2,1,2,"Patterning centers"
"157","PC NKX2-1 NKX6-2","GWAS::MDD 2018",0,1,0,"0","Inf","0","","-Inf","-Inf",NA,"MDD 2018","GWAS",1,NA,NA,NA,NA,NA,NA,NA,NA,NA,NA,"Patterning centers"
"158","PC NKX2-1 NKX6-2","GWAS::NEUROT 2018",0,1,0,"0","Inf","0","","-Inf","-Inf",NA,"NEUROT 2018","GWAS",1,NA,NA,NA,NA,NA,NA,NA,NA,NA,NA,"Patterning centers"
"159","PC NKX2-1 NKX6-2","GWAS::PD 2014",0,1,0,"0","Inf","0","","-Inf","-Inf",NA,"PD 2014","GWAS",1,NA,NA,NA,NA,NA,NA,NA,NA,NA,NA,"Patterning centers"
"160","PC NKX2-1 NKX6-2","GWAS::SCZ 2020",0,1,0,"0","Inf","0","","-Inf","-Inf",NA,"SCZ 2020","GWAS",1,NA,NA,NA,NA,NA,NA,NA,NA,NA,NA,"Patterning centers"
"161","PC NKX2-1 NKX6-2","MAGMA::AD 2019",0,1,0,"0","Inf","0","","-Inf","-Inf",NA,"AD 2019","MAGMA",1,NA,NA,NA,NA,NA,NA,NA,NA,NA,NA,"Patterning centers"
"162","PC NKX2-1 NKX6-2","MAGMA::ADHD 2019",0,1,0,"0","Inf","0","","-Inf","-Inf",NA,"ADHD 2019","MAGMA",1,NA,NA,NA,NA,NA,NA,NA,NA,NA,NA,"Patterning centers"
"163","PC NKX2-1 NKX6-2","MAGMA::AN 2019",0,1,0,"0","Inf","0","","-Inf","-Inf",NA,"AN 2019","MAGMA",1,NA,NA,NA,NA,NA,NA,NA,NA,NA,NA,"Patterning centers"
"164","PC NKX2-1 NKX6-2","MAGMA::ASD 2019",1,0.325858475972739,2.59756023425328,"0.129425711051932","Inf","2.59781619654231","NCALD","0.414565627105256","1.37715720385555",2.59756023425328,"ASD 2019","MAGMA",1,NA,17.5675675675676,0.786587148612733,0.725365793804989,17.5675675675676,0.786587148612733,0.725365793804989,1,1,1,"Patterning centers"
"165","PC NKX2-1 NKX6-2","MAGMA::BD 2019",0,1,0,"0","Inf","0","","-Inf","-Inf",NA,"BD 2019","MAGMA",1,NA,NA,NA,NA,NA,NA,NA,NA,NA,NA,"Patterning centers"
"166","PC NKX2-1 NKX6-2","MAGMA::IQ 2018",0,1,0,"0","Inf","0","","-Inf","-Inf",NA,"IQ 2018","MAGMA",1,NA,NA,NA,NA,NA,NA,NA,NA,NA,NA,"Patterning centers"
"167","PC NKX2-1 NKX6-2","MAGMA::MDD 2018",0,1,0,"0","Inf","0","","-Inf","-Inf",NA,"MDD 2018","MAGMA",1,NA,NA,NA,NA,NA,NA,NA,NA,NA,NA,"Patterning centers"
"168","PC NKX2-1 NKX6-2","MAGMA::NEUROT 2018",1,0.337588822949263,2.4857048626923,"0.123883434713349","Inf","2.48591753774681","GRIK3","0.395449561910903","1.31365500982273",2.4857048626923,"NEUROT 2018","MAGMA",1,NA,10.8108108108108,0.400167321696742,1.70117352162822,10.8108108108108,0.400167321696742,1.70117352162822,1,1,1,"Patterning centers"
"169","PC NKX2-1 NKX6-2","MAGMA::OCD 2018",0,1,0,"0","Inf","0","","-Inf","-Inf",NA,"OCD 2018","MAGMA",1,NA,NA,NA,NA,NA,NA,NA,NA,NA,NA,"Patterning centers"
"170","PC NKX2-1 NKX6-2","MAGMA::PD 2014",0,1,0,"0","Inf","0","","-Inf","-Inf",NA,"PD 2014","MAGMA",1,NA,NA,NA,NA,NA,NA,NA,NA,NA,NA,"Patterning centers"
"171","PC NKX2-1 NKX6-2","MAGMA::SCZ 2020",0,1,0,"0","Inf","0","","-Inf","-Inf",NA,"SCZ 2020","MAGMA",1,NA,NA,NA,NA,NA,NA,NA,NA,NA,NA,"Patterning centers"
"172","PC NKX2-1 NKX6-2","MAGMA::TS 2019",1,0.329230550667485,2.56460201770229,"0.127792711241126","Inf","2.56483977238694","EFNA5","0.409019979613091","1.35873496164698",2.56460201770229,"TS 2019","MAGMA",1,NA,31.0810810810811,1.30895192258325,2.16789392323051,31.0810810810811,1.30895192258325,2.16789392323051,1,1,1,"Patterning centers"
"173","PC NKX2-1 NKX6-2","SFARI Score2",2,0.0806068776854923,4.43593700095619,"0.758380684363719","Inf","4.43668915412558","SPARCL1,SEMA5A","0.646985369683756","2.14923887653356",4.43593700095619,"SFARI Score2","GWAS",0.87555746451483,NA,17.3986486486486,0.785281136313073,1.57625234776012,17.3986486486486,0.785281136313073,1.57625234776012,2,1,2,"Patterning centers"
"174","PC NKX2-1 NKX6-2","SFARI Score3",2,0.292855184739111,1.90315788247019,"0.326616631037569","Inf","1.90322944896116","GRIK3,NRCAM","0.279474818051286","0.928395249898102",1.90315788247019,"SFARI Score3","GWAS",1,NA,15.0337837837838,0.640471310719988,2.01274562188302,15.0337837837838,0.640471310719988,2.01274562188302,2,1,2,"Patterning centers"
"175","PC NKX2-1 NKX6-2","SFARI Syndromic",0,1,0,"0","Inf","0","","-Inf","-Inf",NA,"SFARI Syndromic","GWAS",1,NA,NA,NA,NA,NA,NA,NA,NA,NA,NA,"Patterning centers"
"176","PC RSPO3","ASD HC65",0,1,0,"0","Inf","0","","-Inf","-Inf",NA,"ASD HC65","GWAS",1,NA,NA,NA,NA,NA,NA,NA,NA,NA,NA,"Patterning centers"
"177","PC RSPO3","DD",1,0.397600223737359,2.00512689315935,"0.100710140594033","Inf","2.00526377354077","NFIX","0.302141861871459","1.00369353959238",2.00512689315935,"DD","GWAS",1,NA,20.9116353458617,0.856459219479188,2.45217959020525,20.9116353458617,0.856459219479188,2.45217959020525,1,1,1,"Patterning centers"
"178","PC RSPO3","DISGENET::Giant Cell Glioblastoma",0,1,0,"0","Inf","0","","-Inf","-Inf",NA,"Giant Cell Glioblastoma","DISGENET",1,NA,NA,NA,NA,NA,NA,NA,NA,NA,NA,"Patterning centers"
"179","PC RSPO3","DISGENET::Glioblastoma",0,1,0,"0","Inf","0","","-Inf","-Inf",NA,"Glioblastoma","DISGENET",1,NA,NA,NA,NA,NA,NA,NA,NA,NA,NA,"Patterning centers"
"180","PC RSPO3","DISGENET::Glioblastoma Multiforme",0,1,0,"0","Inf","0","","-Inf","-Inf",NA,"Glioblastoma Multiforme","DISGENET",1,NA,NA,NA,NA,NA,NA,NA,NA,NA,NA,"Patterning centers"
"181","PC RSPO3","DISGENET::Glioma",0,1,0,"0","Inf","0","","-Inf","-Inf",NA,"Glioma","DISGENET",1,NA,NA,NA,NA,NA,NA,NA,NA,NA,NA,"Patterning centers"
"182","PC RSPO3","DISGENET::M.Oligoastr+Oligodendrogliomas",1,0.170355862970502,5.56355740811098,"0.273877573421919","Inf","5.56504854368932","HEY2","0.745352573717478","2.47600765522869",5.56355740811098,"M.Oligoastr+Oligodendrogliomas","DISGENET",1,NA,23.4706117552979,0.901007496923031,2.5,23.4706117552979,0.901007496923031,2.5,1,1,1,"Patterning centers"
"183","PC RSPO3","DISGENET::Malignant Glioma",0,1,0,"0","Inf","0","","-Inf","-Inf",NA,"Malignant Glioma","DISGENET",1,NA,NA,NA,NA,NA,NA,NA,NA,NA,NA,"Patterning centers"
"184","PC RSPO3","DISGENET::Medulloblastomas",0,1,0,"0","Inf","0","","-Inf","-Inf",NA,"Medulloblastomas","DISGENET",1,NA,NA,NA,NA,NA,NA,NA,NA,NA,NA,"Patterning centers"
"185","PC RSPO3","DISGENET::Neuroblastoma",0,1,0,"0","Inf","0","","-Inf","-Inf",NA,"Neuroblastoma","DISGENET",1,NA,NA,NA,NA,NA,NA,NA,NA,NA,NA,"Patterning centers"
"186","PC RSPO3","GWAS::AD 2019",0,1,0,"0","Inf","0","","-Inf","-Inf",NA,"AD 2019","GWAS",1,NA,NA,NA,NA,NA,NA,NA,NA,NA,NA,"Patterning centers"
"187","PC RSPO3","GWAS::ADHD 2019",0,1,0,"0","Inf","0","","-Inf","-Inf",NA,"ADHD 2019","GWAS",1,NA,NA,NA,NA,NA,NA,NA,NA,NA,NA,"Patterning centers"
"188","PC RSPO3","GWAS::AN 2019",1,0.429524127830089,1.80796944901841,"0.0909135471965543","Inf","1.80814689742507","KLHDC8B","0.257191087513891","0.854370299367027",1.80796944901841,"AN 2019","GWAS",1,NA,15.593762495002,0.556600520639583,0.444581121861144,15.593762495002,0.556600520639583,0.444581121861144,1,1,1,"Patterning centers"
"189","PC RSPO3","GWAS::ASD 2019",0,1,0,"0","Inf","0","","-Inf","-Inf",NA,"ASD 2019","GWAS",1,NA,NA,NA,NA,NA,NA,NA,NA,NA,NA,"Patterning centers"
"190","PC RSPO3","GWAS::BD 2019",1,0.665526005801206,0.919421738104286,"0.0464660780386977","Inf","0.919417475728155","FSTL5","-0.0364852323377945","-0.121201318351413",0.919421738104286,"BD 2019","GWAS",1,NA,24.8300679728109,1.05487416532391,1.77690550421109,24.8300679728109,1.05487416532391,1.77690550421109,1,1,1,"Patterning centers"
"191","PC RSPO3","GWAS::IQ 2018",9,0.0232460295713166,2.29457984351692,"1.16035042579002","Inf","2.29462895892733","KLHDC8B,FILIP1,PTPRO,RBMS1,OTX1,TENM4,DCC,NFIX,TSHZ3","0.360703174253608","1.19823000846811",2.29457984351692,"IQ 2018","GWAS",0.681038786288404,"Sign. nom.",11.3954418232707,0.389860403906101,2.23758492862019,13.7056288595673,0.48648032459319,1.78925429417701,9,1,9,"Patterning centers"
"192","PC RSPO3","GWAS::MDD 2018",1,0.260210244654926,3.40293100674932,"0.169563628540434","Inf","3.4034079651278","DCC","0.531853144014467","1.76677790145583",3.40293100674932,"MDD 2018","GWAS",1,NA,11.0355857656937,0.389860403906101,2.24654499950821,11.0355857656937,0.389860403906101,2.24654499950821,1,1,1,"Patterning centers"
"193","PC RSPO3","GWAS::NEUROT 2018",0,1,0,"0","Inf","0","","-Inf","-Inf",NA,"NEUROT 2018","GWAS",1,NA,NA,NA,NA,NA,NA,NA,NA,NA,NA,"Patterning centers"
"194","PC RSPO3","GWAS::PD 2014",0,1,0,"0","Inf","0","","-Inf","-Inf",NA,"PD 2014","GWAS",1,NA,NA,NA,NA,NA,NA,NA,NA,NA,NA,"Patterning centers"
"195","PC RSPO3","GWAS::SCZ 2020",2,0.117206758666422,3.49808488575815,"0.605367773544243","Inf","3.49877450980392","EMX1,DCC","0.543830344013172","1.80656529862961",3.49808488575815,"SCZ 2020","GWAS",0.931829281407809,NA,19.2722910835666,0.725989021298771,2.32391158690761,19.2722910835666,0.725989021298771,2.32391158690761,2,1,2,"Patterning centers"
"196","PC RSPO3","MAGMA::AD 2019",0,1,0,"0","Inf","0","","-Inf","-Inf",NA,"AD 2019","MAGMA",1,NA,NA,NA,NA,NA,NA,NA,NA,NA,NA,"Patterning centers"
"197","PC RSPO3","MAGMA::ADHD 2019",3,0.0727721186921605,3.20823748400037,"0.852415303896631","Inf","3.20867276601078","KLHDC8B,KCNJ13,DCC","0.506266508668704","1.68178093864711",3.20823748400037,"ADHD 2019","MAGMA",0.818686335286806,NA,12.2750899640144,0.463542616253032,0.444581121861144,12.9681460749034,0.470001180266239,0.978287132264731,3,1,3,"Patterning centers"
"198","PC RSPO3","MAGMA::AN 2019",1,0.640207714460697,0.985784442117815,"0.0498010407465731","Inf","0.985783633841886","KLHDC8B","-0.00621804026498352","-0.0206558826513896",0.985784442117815,"AN 2019","MAGMA",1,NA,15.593762495002,0.556600520639583,0.444581121861144,15.593762495002,0.556600520639583,0.444581121861144,1,1,1,"Patterning centers"
"199","PC RSPO3","MAGMA::ASD 2019",2,0.245028216178169,2.14544340760124,"0.373177364460007","Inf","2.14555052790347","EFHD1,NTM","0.331517063221685","1.10127584625067",2.14544340760124,"ASD 2019","MAGMA",1,NA,11.6553378648541,0.413248647771702,1.67011124283111,11.6553378648541,0.413248647771702,1.67011124283111,2,1,2,"Patterning centers"
"200","PC RSPO3","MAGMA::BD 2019",0,1,0,"0","Inf","0","","-Inf","-Inf",NA,"BD 2019","MAGMA",1,NA,NA,NA,NA,NA,NA,NA,NA,NA,NA,"Patterning centers"
"201","PC RSPO3","MAGMA::IQ 2018",2,0.287281810010852,1.91038798780552,"0.332593797029901","Inf","1.91047619047619","KLHDC8B,DCC","0.281121578688085","0.933865670323036",1.91038798780552,"IQ 2018","MAGMA",1,NA,13.3146741303478,0.473230462272842,1.34556306068468,13.3146741303478,0.473230462272842,1.34556306068468,2,1,2,"Patterning centers"
"202","PC RSPO3","MAGMA::MDD 2018",2,0.225087994218286,2.27793272212274,"0.396036243977026","Inf","2.2781112444978","KLHDC8B,DCC","0.357540893210017","1.18772513822548",2.27793272212274,"MDD 2018","MAGMA",1,NA,13.3146741303478,0.473230462272842,1.34556306068468,13.3146741303478,0.473230462272842,1.34556306068468,2,1,2,"Patterning centers"
"203","PC RSPO3","MAGMA::NEUROT 2018",1,0.631353536586801,1.01006471513162,"0.0510205068666979","Inf","1.01006393559081","DCC","0.0043492000442065","0.0144477298171349",1.01006471513162,"NEUROT 2018","MAGMA",1,NA,11.0355857656937,0.389860403906101,2.24654499950821,11.0355857656937,0.389860403906101,2.24654499950821,1,1,1,"Patterning centers"
"204","PC RSPO3","MAGMA::OCD 2018",0,1,0,"0","Inf","0","","-Inf","-Inf",NA,"OCD 2018","MAGMA",1,NA,NA,NA,NA,NA,NA,NA,NA,NA,NA,"Patterning centers"
"205","PC RSPO3","MAGMA::PD 2014",0,1,0,"0","Inf","0","","-Inf","-Inf",NA,"PD 2014","MAGMA",1,NA,NA,NA,NA,NA,NA,NA,NA,NA,NA,"Patterning centers"
"206","PC RSPO3","MAGMA::SCZ 2020",1,0.586259570072843,1.14367842730896,"0.0577256301640202","Inf","1.14368932038835","KCNJ13","0.0583039292844485","0.193681460732335",1.14367842730896,"SCZ 2020","MAGMA",1,NA,12.2750899640144,0.463542616253032,0.243735275424839,12.2750899640144,0.463542616253032,0.243735275424839,1,1,1,"Patterning centers"
"207","PC RSPO3","MAGMA::TS 2019",0,1,0,"0","Inf","0","","-Inf","-Inf",NA,"TS 2019","MAGMA",1,NA,NA,NA,NA,NA,NA,NA,NA,NA,NA,"Patterning centers"
"208","PC RSPO3","SFARI Score2",2,0.31608846569675,1.77691973576766,"0.30951938280312","Inf","1.77701293283271","PLCB1,DCC","0.249667810978925","0.829378515679918",1.77691973576766,"SFARI Score2","GWAS",1,NA,10.7157137145142,0.353878012368239,2.19696725030061,10.7157137145142,0.353878012368239,2.19696725030061,2,1,2,"Patterning centers"
"209","PC RSPO3","SFARI Score3",4,0.263586206995315,1.56234409816311,"0.521967411939443","Inf","1.56241860465116","DLL1,OTX1,GUCY1A2,CDH11","0.193776691177377","0.643712234556441",1.56234409816311,"SFARI Score3","GWAS",1,NA,18.0527788884446,0.648930868194237,1.35724379169699,20.5117952818872,0.834452584268843,1.42736045364047,4,1,4,"Patterning centers"
"210","PC RSPO3","SFARI Syndromic",3,0.0326719842959377,4.49787241165609,"1.19034563687751","Inf","4.49829142206256","DLL1,RORA,NFIX","0.653007131913395","2.16924273766492",4.49787241165609,"SFARI Syndromic","GWAS",0.681038786288404,"Sign. nom.",20.9116353458617,0.856459219479188,2.45217959020525,21.5380514460882,0.936022839753759,2.42935245881713,3,1,3,"Patterning centers"
"211","PC SFRP2","ASD HC65",0,1,0,"0","Inf","0","","-Inf","-Inf",NA,"ASD HC65","GWAS",1,NA,NA,NA,NA,NA,NA,NA,NA,NA,NA,"Patterning centers"
"212","PC SFRP2","DD",1,0.180814352759334,5.18208157168019,"0.25649500421115","Inf","5.18253012048193","ZBTB18","0.714504244977818","2.3735317253081",5.18208157168019,"DD","GWAS",1,NA,14.8864592094197,0.646820843431156,1.59847703898641,14.8864592094197,0.646820843431156,1.59847703898641,1,1,1,"Patterning centers"
"213","PC SFRP2","DISGENET::Giant Cell Glioblastoma",1,0.159090752410828,5.97633467966345,"0.295346888593762","Inf","5.978125","BCHE","0.776434910336981","2.57926094249977",5.97633467966345,"Giant Cell Glioblastoma","DISGENET",0.999867714352296,NA,11.9428090832632,0.500329022945135,1.16306704059031,11.9428090832632,0.500329022945135,1.16306704059031,1,1,1,"Patterning centers"
"214","PC SFRP2","DISGENET::Glioblastoma",1,0.142939790831617,6.7258543544565,"0.331865401576814","Inf","6.728515625","BCHE","0.827747458616334","2.74971753824922",6.7258543544565,"Glioblastoma","DISGENET",0.958000725786369,NA,11.9428090832632,0.500329022945135,1.16306704059031,11.9428090832632,0.500329022945135,1.16306704059031,1,1,1,"Patterning centers"
"215","PC SFRP2","DISGENET::Glioblastoma Multiforme",1,0.205782432753389,4.4769417271629,"0.221942692504505","Inf","4.47734375","BCHE","0.650981441549784","2.1625135399345",4.4769417271629,"Glioblastoma Multiforme","DISGENET",1,NA,11.9428090832632,0.500329022945135,1.16306704059031,11.9428090832632,0.500329022945135,1.16306704059031,1,1,1,"Patterning centers"
"216","PC SFRP2","DISGENET::Glioma",2,0.0139353419796215,11.9228171412296,"2.01419267963898","Inf","11.9300069300069","FAM107A,NTRK2","1.07637888328491","3.57565325312762",11.9228171412296,"Glioma","DISGENET",0.681038786288404,"Sign. nom.",22.9604709840202,1.29014879650277,2.37565217672763,22.9604709840202,1.29014879650277,2.37565217672763,2,1,2,"Patterning centers"
"217","PC SFRP2","DISGENET::M.Oligoastr+Oligodendrogliomas",1,0.070856074093266,14.3736101160584,"0.697511338190405","Inf","14.3825","NTRK2","1.15756586044971","3.84535055351035",14.3736101160584,"M.Oligoastr+Oligodendrogliomas","DISGENET",0.818686335286806,NA,33.8099243061396,2.08646569808964,2.5,33.8099243061396,2.08646569808964,2.5,1,1,1,"Patterning centers"
"218","PC SFRP2","DISGENET::Malignant Glioma",2,0.00886296904459708,15.2240813966091,"2.5599500417707","Inf","15.2351900972591","FAM107A,NTRK2","1.1825310972708","3.92828327510184",15.2240813966091,"Malignant Glioma","DISGENET",0.558367049809616,"Sign. nom.",22.9604709840202,1.29014879650277,2.37565217672763,22.9604709840202,1.29014879650277,2.37565217672763,2,1,2,"Patterning centers"
"219","PC SFRP2","DISGENET::Medulloblastomas",0,1,0,"0","Inf","0","","-Inf","-Inf",NA,"Medulloblastomas","DISGENET",1,NA,NA,NA,NA,NA,NA,NA,NA,NA,NA,"Patterning centers"
"220","PC SFRP2","DISGENET::Neuroblastoma",2,0.00485126860335518,21.0283795320608,"3.50854394732303","Inf","21.0586080586081","BCHE,NTRK2","1.32280580680902","4.39426577371903",21.0283795320608,"Neuroblastoma","DISGENET",0.509383203352294,"Sign. nom.",22.8763666947014,1.29339736051739,1.83153352029516,22.8763666947014,1.29339736051739,1.83153352029516,2,1,2,"Patterning centers"
"221","PC SFRP2","GWAS::AD 2019",0,1,0,"0","Inf","0","","-Inf","-Inf",NA,"AD 2019","GWAS",1,NA,NA,NA,NA,NA,NA,NA,NA,NA,NA,"Patterning centers"
"222","PC SFRP2","GWAS::ADHD 2019",0,1,0,"0","Inf","0","","-Inf","-Inf",NA,"ADHD 2019","GWAS",1,NA,NA,NA,NA,NA,NA,NA,NA,NA,NA,"Patterning centers"
"223","PC SFRP2","GWAS::AN 2019",0,1,0,"0","Inf","0","","-Inf","-Inf",NA,"AN 2019","GWAS",1,NA,NA,NA,NA,NA,NA,NA,NA,NA,NA,"Patterning centers"
"224","PC SFRP2","GWAS::ASD 2019",1,0.0508057135002036,20.5309566767591,"0.983698753139063","Inf","20.5571428571429","POU3F2","1.3124091865726","4.3597289488638",20.5309566767591,"ASD 2019","GWAS",0.737388657299441,NA,16.9890664423886,0.731572728105134,0.847462954065698,16.9890664423886,0.731572728105134,0.847462954065698,1,1,1,"Patterning centers"
"225","PC SFRP2","GWAS::BD 2019",0,1,0,"0","Inf","0","","-Inf","-Inf",NA,"BD 2019","GWAS",1,NA,NA,NA,NA,NA,NA,NA,NA,NA,NA,"Patterning centers"
"226","PC SFRP2","GWAS::IQ 2018",3,0.224170473227131,1.90201493245317,"0.49654078638363","Inf","1.90207012451302","S100A13,COL11A1,POU3F2","0.279213922200005","0.927528572639892",1.90201493245317,"IQ 2018","GWAS",1,NA,19.1757779646762,0.818073790528275,1.84370953078239,21.0821418559013,0.95632780496589,1.7303908282827,3,1,3,"Patterning centers"
"227","PC SFRP2","GWAS::MDD 2018",0,1,0,"0","Inf","0","","-Inf","-Inf",NA,"MDD 2018","GWAS",1,NA,NA,NA,NA,NA,NA,NA,NA,NA,NA,"Patterning centers"
"228","PC SFRP2","GWAS::NEUROT 2018",0,1,0,"0","Inf","0","","-Inf","-Inf",NA,"NEUROT 2018","GWAS",1,NA,NA,NA,NA,NA,NA,NA,NA,NA,NA,"Patterning centers"
"229","PC SFRP2","GWAS::PD 2014",1,0.059768563231321,17.2487619016239,"0.83202125626312","Inf","17.264","SNCA","1.23675792731711","4.10842090532938",17.2487619016239,"PD 2014","GWAS",0.753083896714645,NA,31.959629941127,1.9384179042989,2.5,31.959629941127,1.9384179042989,2.5,1,1,1,"Patterning centers"
"230","PC SFRP2","GWAS::SCZ 2020",0,1,0,"0","Inf","0","","-Inf","-Inf",NA,"SCZ 2020","GWAS",1,NA,NA,NA,NA,NA,NA,NA,NA,NA,NA,"Patterning centers"
"231","PC SFRP2","MAGMA::AD 2019",0,1,0,"0","Inf","0","","-Inf","-Inf",NA,"AD 2019","MAGMA",1,NA,NA,NA,NA,NA,NA,NA,NA,NA,NA,"Patterning centers"
"232","PC SFRP2","MAGMA::ADHD 2019",0,1,0,"0","Inf","0","","-Inf","-Inf",NA,"ADHD 2019","MAGMA",1,NA,NA,NA,NA,NA,NA,NA,NA,NA,NA,"Patterning centers"
"233","PC SFRP2","MAGMA::AN 2019",0,1,0,"0","Inf","0","","-Inf","-Inf",NA,"AN 2019","MAGMA",1,NA,NA,NA,NA,NA,NA,NA,NA,NA,NA,"Patterning centers"
"234","PC SFRP2","MAGMA::ASD 2019",1,0.313365487601619,2.7276616645438,"0.135758944859166","Inf","2.72802547770701","NCALD","0.435790500026146","1.44766470552187",2.7276616645438,"ASD 2019","MAGMA",1,NA,31.286795626577,1.59913618386591,2.38114092435897,31.286795626577,1.59913618386591,2.38114092435897,1,1,1,"Patterning centers"
"235","PC SFRP2","MAGMA::BD 2019",0,1,0,"0","Inf","0","","-Inf","-Inf",NA,"BD 2019","MAGMA",1,NA,NA,NA,NA,NA,NA,NA,NA,NA,NA,"Patterning centers"
"236","PC SFRP2","MAGMA::IQ 2018",0,1,0,"0","Inf","0","","-Inf","-Inf",NA,"IQ 2018","MAGMA",1,NA,NA,NA,NA,NA,NA,NA,NA,NA,NA,"Patterning centers"
"237","PC SFRP2","MAGMA::MDD 2018",0,1,0,"0","Inf","0","","-Inf","-Inf",NA,"MDD 2018","MAGMA",1,NA,NA,NA,NA,NA,NA,NA,NA,NA,NA,"Patterning centers"
"238","PC SFRP2","MAGMA::NEUROT 2018",1,0.324761488024661,2.61025339285663,"0.129945474786658","Inf","2.61051829268293","NTRK2","0.416682668938951","1.38418986460095",2.61025339285663,"NEUROT 2018","MAGMA",1,NA,33.8099243061396,2.08646569808964,2.5,33.8099243061396,2.08646569808964,2.5,1,1,1,"Patterning centers"
"239","PC SFRP2","MAGMA::OCD 2018",1,0.308424244774707,2.78133036899428,"0.138411198876064","Inf","2.78165584415584","VCAM1","0.444252577828445","1.47577511951445",2.78133036899428,"OCD 2018","MAGMA",1,NA,25.1471825063078,1.3252026432083,2.29553185538866,25.1471825063078,1.3252026432083,2.29553185538866,1,1,1,"Patterning centers"
"240","PC SFRP2","MAGMA::PD 2014",1,0.310075167974953,2.76323007288353,"0.137515777981036","Inf","2.76354838709677","SNCA","0.441417046778211","1.46635568925475",2.76323007288353,"PD 2014","MAGMA",1,NA,31.959629941127,1.9384179042989,2.5,31.959629941127,1.9384179042989,2.5,1,1,1,"Patterning centers"
"241","PC SFRP2","MAGMA::SCZ 2020",0,1,0,"0","Inf","0","","-Inf","-Inf",NA,"SCZ 2020","MAGMA",1,NA,NA,NA,NA,NA,NA,NA,NA,NA,NA,"Patterning centers"
"242","PC SFRP2","MAGMA::TS 2019",0,1,0,"0","Inf","0","","-Inf","-Inf",NA,"TS 2019","MAGMA",1,NA,NA,NA,NA,NA,NA,NA,NA,NA,NA,"Patterning centers"
"243","PC SFRP2","SFARI Score2",0,1,0,"0","Inf","0","","-Inf","-Inf",NA,"SFARI Score2","GWAS",1,NA,NA,NA,NA,NA,NA,NA,NA,NA,NA,"Patterning centers"
"244","PC SFRP2","SFARI Score3",0,1,0,"0","Inf","0","","-Inf","-Inf",NA,"SFARI Score3","GWAS",1,NA,NA,NA,NA,NA,NA,NA,NA,NA,NA,"Patterning centers"
"245","PC SFRP2","SFARI Syndromic",1,0.240943717274419,3.73300981865116,"0.185377063660231","Inf","3.73347826086957","NTRK2","0.572059132219477","1.90033930325676",3.73300981865116,"SFARI Syndromic","GWAS",1,NA,33.8099243061396,2.08646569808964,2.5,33.8099243061396,2.08646569808964,2.5,1,1,1,"Patterning centers"
"246","PC TCF7L2","ASD HC65",0,1,0,"0","Inf","0","","-Inf","-Inf",NA,"ASD HC65","GWAS",1,NA,NA,NA,NA,NA,NA,NA,NA,NA,NA,"Patterning centers"
"247","PC TCF7L2","DD",0,1,0,"0","Inf","0","","-Inf","-Inf",NA,"DD","GWAS",1,NA,NA,NA,NA,NA,NA,NA,NA,NA,NA,"Patterning centers"
"248","PC TCF7L2","DISGENET::Giant Cell Glioblastoma",2,0.0217484463373308,9.31842004354422,"1.58545011836467","Inf","9.32015167930661","BCHE,JAG1","0.969342283111757","3.2200853638312",9.31842004354422,"Giant Cell Glioblastoma","DISGENET",0.681038786288404,"Sign. nom.",16.1732456140351,0.58823511376213,2.1261421178297,16.1732456140351,0.58823511376213,2.1261421178297,2,1,2,"Patterning centers"
"249","PC TCF7L2","DISGENET::Glioblastoma",2,0.0174874206766497,10.5044858651371,"1.78341893560521","Inf","10.508547008547","BCHE,JAG1","1.02137480101631","3.39293364690606",10.5044858651371,"Glioblastoma","DISGENET",0.681038786288404,"Sign. nom.",16.1732456140351,0.58823511376213,2.1261421178297,16.1732456140351,0.58823511376213,2.1261421178297,2,1,2,"Patterning centers"
"250","PC TCF7L2","DISGENET::Glioblastoma Multiforme",2,0.036754474180644,6.95217705872538,"1.18873477219941","Inf","6.95587044534413","BCHE,JAG1","0.842120824235806","2.79746482531863",6.95217705872538,"Glioblastoma Multiforme","DISGENET",0.681038786288404,"Sign. nom.",16.1732456140351,0.58823511376213,2.1261421178297,16.1732456140351,0.58823511376213,2.1261421178297,2,1,2,"Patterning centers"
"251","PC TCF7L2","DISGENET::Glioma",0,1,0,"0","Inf","0","","-Inf","-Inf",NA,"Glioma","DISGENET",1,NA,NA,NA,NA,NA,NA,NA,NA,NA,NA,"Patterning centers"
"252","PC TCF7L2","DISGENET::M.Oligoastr+Oligodendrogliomas",0,1,0,"0","Inf","0","","-Inf","-Inf",NA,"M.Oligoastr+Oligodendrogliomas","DISGENET",1,NA,NA,NA,NA,NA,NA,NA,NA,NA,NA,"Patterning centers"
"253","PC TCF7L2","DISGENET::Malignant Glioma",0,1,0,"0","Inf","0","","-Inf","-Inf",NA,"Malignant Glioma","DISGENET",1,NA,NA,NA,NA,NA,NA,NA,NA,NA,NA,"Patterning centers"
"254","PC TCF7L2","DISGENET::Medulloblastomas",1,0.131178042096286,7.38705037616089,"0.364115967145292","Inf","7.3893653516295","S100A6","0.868471060712349","2.88499841617698",7.38705037616089,"Medulloblastomas","DISGENET",0.958000725786369,NA,16.2280701754386,0.555370589075125,2.37142888257941,16.2280701754386,0.555370589075125,2.37142888257941,1,1,1,"Patterning centers"
"255","PC TCF7L2","DISGENET::Neuroblastoma",1,0.128455410612605,7.55901972105802,"0.372417674812254","Inf","7.56164984642387","BCHE","0.878465478392865","2.91819915306193",7.55901972105802,"Neuroblastoma","DISGENET",0.958000725786369,NA,17.6535087719298,0.639110785939007,1.87459109575168,17.6535087719298,0.639110785939007,1.87459109575168,1,1,1,"Patterning centers"
"256","PC TCF7L2","GWAS::AD 2019",0,1,0,"0","Inf","0","","-Inf","-Inf",NA,"AD 2019","GWAS",1,NA,NA,NA,NA,NA,NA,NA,NA,NA,NA,"Patterning centers"
"257","PC TCF7L2","GWAS::ADHD 2019",0,1,0,"0","Inf","0","","-Inf","-Inf",NA,"ADHD 2019","GWAS",1,NA,NA,NA,NA,NA,NA,NA,NA,NA,NA,"Patterning centers"
"258","PC TCF7L2","GWAS::AN 2019",1,0.252494252298138,3.52342510855519,"0.175643623492036","Inf","3.52420016406891","CSPG5","0.546965044873479","1.81697854948654",3.52342510855519,"AN 2019","GWAS",1,NA,22.5877192982456,0.868225082649485,2.5,22.5877192982456,0.868225082649485,2.5,1,1,1,"Patterning centers"
"259","PC TCF7L2","GWAS::ASD 2019",1,0.066393624111062,15.4911608606455,"0.746210723558812","Inf","15.5031446540881","POU3F2","1.19008396369092","3.95337335425977",15.4911608606455,"ASD 2019","GWAS",0.80438429211479,NA,29.6052631578947,1.09963257213341,1.81965295125772,29.6052631578947,1.09963257213341,1.81965295125772,1,1,1,"Patterning centers"
"260","PC TCF7L2","GWAS::BD 2019",1,0.433247365085697,1.79190405531656,"0.0897737200322272","Inf","1.79203354297694","CA14","0.253314752333866","0.841493392627302",1.79190405531656,"BD 2019","GWAS",1,NA,11.4035087719298,0.382039311438814,2.30764925634725,11.4035087719298,0.382039311438814,2.30764925634725,1,1,1,"Patterning centers"
"261","PC TCF7L2","GWAS::IQ 2018",8,0.00127126514681404,4.21799621365246,"1.98529038603054","Inf","4.2186625985253","S100A13,WNT4,POU3F2,GRID2,OTX1,MTMR2,RNF43,WNT3","0.625106185552689","2.07655780007535",4.21799621365246,"IQ 2018","GWAS",0.264835926363516,"Sign. nom.",27.1929824561403,1.02462729047517,2.36697136005254,31.2225877192982,1.43769359680275,2.2266169882973,8,1,8,"Patterning centers"
"262","PC TCF7L2","GWAS::MDD 2018",0,1,0,"0","Inf","0","","-Inf","-Inf",NA,"MDD 2018","GWAS",1,NA,NA,NA,NA,NA,NA,NA,NA,NA,NA,"Patterning centers"
"263","PC TCF7L2","GWAS::NEUROT 2018",2,0.161883344228467,2.86277187656125,"0.493255498670247","Inf","2.86311723211287","SHOX2,WNT3","0.456786742119432","1.51741271201861",2.86277187656125,"NEUROT 2018","GWAS",0.999867714352296,NA,20.7785087719298,0.851144473419112,2.5,20.7785087719298,0.851144473419112,2.5,2,1,2,"Patterning centers"
"264","PC TCF7L2","GWAS::PD 2014",0,1,0,"0","Inf","0","","-Inf","-Inf",NA,"PD 2014","GWAS",1,NA,NA,NA,NA,NA,NA,NA,NA,NA,NA,"Patterning centers"
"265","PC TCF7L2","GWAS::SCZ 2020",0,1,0,"0","Inf","0","","-Inf","-Inf",NA,"SCZ 2020","GWAS",1,NA,NA,NA,NA,NA,NA,NA,NA,NA,NA,"Patterning centers"
"266","PC TCF7L2","MAGMA::AD 2019",0,1,0,"0","Inf","0","","-Inf","-Inf",NA,"AD 2019","MAGMA",1,NA,NA,NA,NA,NA,NA,NA,NA,NA,NA,"Patterning centers"
"267","PC TCF7L2","MAGMA::ADHD 2019",0,1,0,"0","Inf","0","","-Inf","-Inf",NA,"ADHD 2019","MAGMA",1,NA,NA,NA,NA,NA,NA,NA,NA,NA,NA,"Patterning centers"
"268","PC TCF7L2","MAGMA::AN 2019",0,1,0,"0","Inf","0","","-Inf","-Inf",NA,"AN 2019","MAGMA",1,NA,NA,NA,NA,NA,NA,NA,NA,NA,NA,"Patterning centers"
"269","PC TCF7L2","MAGMA::ASD 2019",1,0.390639247323007,2.05720114641579,"0.102982542220342","Inf","2.05732484076433","WNT3","0.31327675766826","1.04068286277341",2.05720114641579,"ASD 2019","MAGMA",1,NA,21.3815789473684,0.828218020439364,2.5,21.3815789473684,0.828218020439364,2.5,1,1,1,"Patterning centers"
"270","PC TCF7L2","MAGMA::BD 2019",0,1,0,"0","Inf","0","","-Inf","-Inf",NA,"BD 2019","MAGMA",1,NA,NA,NA,NA,NA,NA,NA,NA,NA,NA,"Patterning centers"
"271","PC TCF7L2","MAGMA::IQ 2018",1,0.426053345257798,1.83317817649398,"0.0918242814465257","Inf","1.83319039451115","RNF43","0.263204678441472","0.87434701602052",1.83317817649398,"IQ 2018","MAGMA",1,NA,13.7061403508772,0.467410797449639,2.10648196646951,13.7061403508772,0.467410797449639,2.10648196646951,1,1,1,"Patterning centers"
"272","PC TCF7L2","MAGMA::MDD 2018",0,1,0,"0","Inf","0","","-Inf","-Inf",NA,"MDD 2018","MAGMA",1,NA,NA,NA,NA,NA,NA,NA,NA,NA,NA,"Patterning centers"
"273","PC TCF7L2","MAGMA::NEUROT 2018",1,0.403929266635162,1.96859871007532,"0.098572581873645","Inf","1.96870685687989","WNT3","0.294157196198243","0.977169054364237",1.96859871007532,"NEUROT 2018","MAGMA",1,NA,21.3815789473684,0.828218020439364,2.5,21.3815789473684,0.828218020439364,2.5,1,1,1,"Patterning centers"
"274","PC TCF7L2","MAGMA::OCD 2018",2,0.0841444305037173,4.30365020030687,"0.739467191251087","Inf","4.3044243338361","VCAM1,GRID2","0.633836964737752","2.10556082074047",4.30365020030687,"OCD 2018","MAGMA",0.883516520289032,NA,42.7083333333333,2.32215372584581,1.76680281970026,42.7083333333333,2.32215372584581,1.76680281970026,2,1,2,"Patterning centers"
"275","PC TCF7L2","MAGMA::PD 2014",1,0.386788973948886,2.08398782423105,"0.104315234102857","Inf","2.08411442483262","WNT3","0.318895177254784","1.05934684864675",2.08398782423105,"PD 2014","MAGMA",1,NA,21.3815789473684,0.828218020439364,2.5,21.3815789473684,0.828218020439364,2.5,1,1,1,"Patterning centers"
"276","PC TCF7L2","MAGMA::SCZ 2020",0,1,0,"0","Inf","0","","-Inf","-Inf",NA,"SCZ 2020","MAGMA",1,NA,NA,NA,NA,NA,NA,NA,NA,NA,NA,"Patterning centers"
"277","PC TCF7L2","MAGMA::TS 2019",1,0.394465790256215,2.03102010494999,"0.101683172802414","Inf","2.0312092084965","PSMB10","0.307714222481924","1.02220452085912",2.03102010494999,"TS 2019","MAGMA",1,NA,17.2149122807018,0.634144286893989,1.74472993963889,17.2149122807018,0.634144286893989,1.74472993963889,1,1,1,"Patterning centers"
"278","PC TCF7L2","SFARI Score2",2,0.118327527797817,3.4953478270674,"0.601532408881776","Inf","3.49590834697218","NAV2,SLITRK5","0.543490399497926","1.80543602739372",3.4953478270674,"SFARI Score2","GWAS",0.931829281407809,NA,13.6513157894737,0.444206088150413,2.22234151152825,13.6513157894737,0.444206088150413,2.22234151152825,2,1,2,"Patterning centers"
"279","PC TCF7L2","SFARI Score3",4,0.0459952420550548,3.13372318796032,"1.02886900352904","Inf","3.13413953488372","NTNG1,DLG1,GRID2,OTX1","0.496060631171874","1.64787774745741",3.13372318796032,"SFARI Score3","GWAS",0.737388657299441,"Sign. nom.",25.4934210526315,0.984411740582323,2.5,32.4835526315789,1.58142023120973,2.43623027019068,4,1,4,"Patterning centers"
"280","PC TCF7L2","SFARI Syndromic",1,0.304571346116178,2.8152438597505,"0.140621672417","Inf","2.81558654634947","NTNG1","0.449516019918084","1.49325989566783",2.8152438597505,"SFARI Syndromic","GWAS",1,NA,25.219298245614,1.01920147234771,2.5,25.219298245614,1.01920147234771,2.5,1,1,1,"Patterning centers"
"281","PC TTR","ASD HC65",0,1,0,"0","Inf","0","","-Inf","-Inf",NA,"ASD HC65","GWAS",1,NA,NA,NA,NA,NA,NA,NA,NA,NA,NA,"Patterning centers"
"282","PC TTR","DD",1,0.78126057143877,0.660401674628247,"0.0333746200711715","Inf","0.660389129332865","ASXL3","-0.180191834135948","-0.598584316285489",0.660401674628247,"DD","GWAS",1,NA,18.922305764411,0.490099045924184,2.45472210543627,18.922305764411,0.490099045924184,2.45472210543627,1,1,1,"Patterning centers"
"283","PC TTR","DISGENET::Giant Cell Glioblastoma",3,0.142421362605026,2.36599234985381,"0.627378105128458","Inf","2.36621684504421","NOTCH2,MET,VEGFA","0.374013336056219","1.2424454089077",2.36599234985381,"Giant Cell Glioblastoma","DISGENET",0.958000725786369,NA,16.1654135338346,0.418257271754292,2.28968908443553,19.5071010860485,0.541316064324366,2.35593554734746,3,1,3,"Patterning centers"
"284","PC TTR","DISGENET::Glioblastoma",3,0.110580912272506,2.67246196187852,"0.706648733264623","Inf","2.67279604917516","NOTCH2,MET,VEGFA","0.426911532453753","1.41816941368954",2.67246196187852,"Glioblastoma","DISGENET",0.931829281407809,NA,16.1654135338346,0.418257271754292,2.28968908443553,19.5071010860485,0.541316064324366,2.35593554734746,3,1,3,"Patterning centers"
"285","PC TTR","DISGENET::Glioblastoma Multiforme",3,0.251221669955942,1.75950293467119,"0.469181926622459","Inf","1.75958139857232","NOTCH2,MET,VEGFA","0.245389995530655","0.815167920357568",1.75950293467119,"Glioblastoma Multiforme","DISGENET",1,NA,16.1654135338346,0.418257271754292,2.28968908443553,19.5071010860485,0.541316064324366,2.35593554734746,3,1,3,"Patterning centers"
"286","PC TTR","DISGENET::Glioma",2,0.395497860689689,1.48693833223021,"0.258463481291427","Inf","1.48701298701299","MYB,CAT","0.172292957407302","0.572344815762548",1.48693833223021,"Glioma","DISGENET",1,NA,17.0426065162907,0.438053100113054,2.36132742452259,17.0426065162907,0.438053100113054,2.36132742452259,2,1,2,"Patterning centers"
"287","PC TTR","DISGENET::M.Oligoastr+Oligodendrogliomas",2,0.105734361645326,3.80407643689673,"0.643818220048137","Inf","3.80452306314375","NOTCH2,MET","0.58024923481347","1.92754623516376",3.80407643689673,"M.Oligoastr+Oligodendrogliomas","DISGENET",0.931829281407809,NA,21.1779448621554,0.602845460609403,2.38905877880342,21.1779448621554,0.602845460609403,2.38905877880342,2,1,2,"Patterning centers"
"288","PC TTR","DISGENET::Malignant Glioma",2,0.291447041810174,1.89893967439598,"0.328490470178029","Inf","1.89901477832512","MYB,CAT","0.278511168268831","0.925194074612131",1.89893967439598,"Malignant Glioma","DISGENET",1,NA,17.0426065162907,0.438053100113054,2.36132742452259,17.0426065162907,0.438053100113054,2.36132742452259,2,1,2,"Patterning centers"
"289","PC TTR","DISGENET::Medulloblastomas",1,0.556603741113018,1.24858232334333,"0.0624601570519139","Inf","1.24860253015593","IRS2","0.0964171821659969","0.320290946267098",1.24858232334333,"Medulloblastomas","DISGENET",1,NA,19.5488721804511,0.522403184459293,2.43025426049047,19.5488721804511,0.522403184459293,2.43025426049047,1,1,1,"Patterning centers"
"290","PC TTR","DISGENET::Neuroblastoma",1,0.548506849015059,1.2776922877722,"0.0638843083596704","Inf","1.27771505983292","MET","0.106426273373605","0.35354042755394",1.2776922877722,"Neuroblastoma","DISGENET",1,NA,13.5338345864662,0.365128985097454,2.5,13.5338345864662,0.365128985097454,2.5,1,1,1,"Patterning centers"
"291","PC TTR","GWAS::AD 2019",4,0.226574429289806,1.67233748352168,"0.5601968892858","Inf","1.67241037829273","EPHX2,CNN2,BCAM,APOE","0.223323924084646","0.741866017677277",1.67233748352168,"AD 2019","GWAS",1,NA,18.859649122807,0.483403599486689,2.48480981973711,21.2719298245614,0.601639891234724,2.45409637716575,4,1,4,"Patterning centers"
"292","PC TTR","GWAS::ADHD 2019",0,1,0,"0","Inf","0","","-Inf","-Inf",NA,"ADHD 2019","GWAS",1,NA,NA,NA,NA,NA,NA,NA,NA,NA,NA,"Patterning centers"
"293","PC TTR","GWAS::AN 2019",6,0.00647828423549222,3.84092488980958,"1.62032356687861","Inf","3.84142468239564","SCAP,CCDC51,LAMB2,KLHDC8B,DAG1,ZMYND10","0.584435814517382","1.94145375190367",3.84092488980958,"AN 2019","GWAS",0.510164883545012,"Sign. nom.",23.3082706766917,0.583105571289808,2.34536754499355,24.5614035087719,0.679542848411141,2.33629266551762,6,1,6,"Patterning centers"
"294","PC TTR","GWAS::ASD 2019",0,1,0,"0","Inf","0","","-Inf","-Inf",NA,"ASD 2019","GWAS",1,NA,NA,NA,NA,NA,NA,NA,NA,NA,NA,"Patterning centers"
"295","PC TTR","GWAS::BD 2019",2,0.837693857780764,0.610946626978935,"0.107290143852136","Inf","0.610933758978452","NMB,ADD3","-0.213996728580688","-0.710881744886171",0.610946626978935,"BD 2019","GWAS",1,NA,27.3809523809524,0.798184840487981,2.5,27.3809523809524,0.798184840487981,2.5,2,1,2,"Patterning centers"
"296","PC TTR","GWAS::IQ 2018",12,0.585411643634026,0.96762898687757,"0.550227133364307","Inf","0.967627319384129","LAMB2,KLHDC8B,DAG1,CACNA2D3,GRM8,CYSTM1,SYNGR1,ANKRD54,NR4A2,RBMS1,ERICH2,SLC7A6","-0.0142911301278357","-0.0474741066793486",0.96762898687757,"IQ 2018","GWAS",1,NA,21.4285714285715,0.613218295811311,2.40037241831276,24.4465329991646,0.708247569213391,2.30800811404031,12,1,12,"Patterning centers"
"297","PC TTR","GWAS::MDD 2018",2,0.225042901324392,2.29581952583749,"0.395337896717015","Inf","2.29599567099567","TENM2,NR4A2","0.360937745218312","1.19900923634601",2.29581952583749,"MDD 2018","GWAS",1,NA,16.5413533834586,0.473569081122789,2.2614885765229,16.5413533834586,0.473569081122789,2.2614885765229,2,1,2,"Patterning centers"
"298","PC TTR","GWAS::NEUROT 2018",3,0.785205667313468,0.71970907419013,"0.193793586298203","Inf","0.719698268472484","GRM8,FAM120A,ORAI3","-0.14284302163395","-0.474514246724421",0.71970907419013,"NEUROT 2018","GWAS",1,NA,22.3057644110276,0.600664890032943,2.5,19.8830409356725,0.524289910218502,2.45598847614134,3,1,3,"Patterning centers"
"299","PC TTR","GWAS::PD 2014",1,0.374773571537321,2.19992771985441,"0.108270402742863","Inf","2.2","STK39","0.34240841201127","1.13745612378601",2.19992771985441,"PD 2014","GWAS",1,NA,28.0701754385965,0.800396872949286,1.72131815653828,28.0701754385965,0.800396872949286,1.72131815653828,1,1,1,"Patterning centers"
"300","PC TTR","GWAS::SCZ 2020",3,0.256029780053806,1.74087980210321,"0.46429638241072","Inf","1.74095662609292","EMB,MLXIP,OPCML","0.240768786576622","0.79981659650082",1.74087980210321,"SCZ 2020","GWAS",1,NA,21.4285714285714,0.582554653220543,2.48989041192506,22.8070175438596,0.610787147683277,2.44436443638322,3,1,3,"Patterning centers"
"301","PC TTR","MAGMA::AD 2019",5,0.142758325906574,1.85616407928909,"0.716920792431815","Inf","1.85619980195841","KLHDC9,GALNT10,CNN2,BCAM,APOE","0.268616363898051","0.892324245979423",1.85616407928909,"AD 2019","MAGMA",0.958000725786369,NA,22.9323308270677,0.616760107587777,2.5,23.1829573934837,0.665581779155161,2.27922834943541,5,1,5,"Patterning centers"
"302","PC TTR","MAGMA::ADHD 2019",4,0.3255032908711,1.40396484566329,"0.471273532999474","Inf","1.40402148120395","MECOM,LAMB2,KLHDC8B,KCNJ13","0.14735623348781","0.489506811979939",1.40396484566329,"ADHD 2019","MAGMA",1,NA,34.0225563909774,1.04101526387657,2.42679482963067,34.3671679197995,1.15771224140898,2.41320200792339,4,1,4,"Patterning centers"
"303","PC TTR","MAGMA::AN 2019",2,0.808396431629496,0.65531210989649,"0.115020685406305","Inf","0.655299790030329","KLHDC8B,DAG1","-0.183551806387479","-0.609745902505892",0.65531210989649,"AN 2019","MAGMA",1,NA,32.5814536340852,0.97903162885701,2.3062595533005,32.5814536340852,0.97903162885701,2.3062595533005,2,1,2,"Patterning centers"
"304","PC TTR","MAGMA::ASD 2019",4,0.313365361857282,1.43156466116743,"0.480439745734804","Inf","1.43162719633308","GPR85,NMB,NTM,SLC38A10","0.155810969091109","0.517592835715381",1.43156466116743,"ASD 2019","MAGMA",1,NA,24.0601503759398,0.680463474093871,2.5,23.5588972431078,0.668543719612083,2.47475021756954,4,1,4,"Patterning centers"
"305","PC TTR","MAGMA::BD 2019",1,0.941970063365817,0.349858387178716,"0.0178010080342683","Inf","0.349846485768816","NMB","-0.456107710256132","-1.51515701699459",0.349858387178716,"BD 2019","MAGMA",1,NA,29.8245614035088,0.899786313656143,2.5,29.8245614035088,0.899786313656143,2.5,1,1,1,"Patterning centers"
"306","PC TTR","MAGMA::IQ 2018",5,0.211272378431461,1.60572230165715,"0.621278755000178","Inf","1.60579489134579","LAMB2,KLHDC8B,DAG1,CYSTM1,SYNGR1","0.20567043927016","0.683222410499371",1.60572230165715,"IQ 2018","MAGMA",1,NA,23.4335839598997,0.63435836421088,2.29921837243222,28.4962406015037,0.835054760866334,2.24254086867114,5,1,5,"Patterning centers"
"307","PC TTR","MAGMA::MDD 2018",4,0.277265552922192,1.52122071952438,"0.510174721634524","Inf","1.52129817444219","LAMB2,KLHDC8B,TENM2,FAM120A","0.182192232012897","0.605229494193879",1.52122071952438,"MDD 2018","MAGMA",1,NA,20.7393483709273,0.514617661199422,2.33359190042813,24.4674185463659,0.687203132107355,2.27476388032363,4,1,4,"Patterning centers"
"308","PC TTR","MAGMA::NEUROT 2018",4,0.341731867118974,1.36876546829552,"0.459572943477722","Inf","1.3688141923436","GALNT2,GRM8,GALNT10,FAM120A","0.136329040134828","0.452875268572912",1.36876546829552,"NEUROT 2018","MAGMA",1,NA,23.1829573934837,0.622904856726362,2.49627494036061,23.1516290726817,0.63048228953693,2.46512882728631,4,1,4,"Patterning centers"
"309","PC TTR","MAGMA::OCD 2018",2,0.768360287538636,0.715867242828437,"0.125559418000059","Inf","0.715856039385451","RIIAD1,SNCAIP","-0.145167509888823","-0.482236029564519",0.715867242828437,"OCD 2018","MAGMA",1,NA,23.3082706766917,0.722467677252312,2.08905910324057,23.3082706766917,0.722467677252312,2.08905910324057,2,1,2,"Patterning centers"
"310","PC TTR","MAGMA::PD 2014",1,0.940903336589453,0.352136673468763,"0.0179160069866787","Inf","0.352124438876709","ZFYVE16","-0.453288742735213","-1.50579260958827",0.352136673468763,"PD 2014","MAGMA",1,NA,19.7994987468672,0.514769928117718,2.33814370403311,19.7994987468672,0.514769928117718,2.33814370403311,1,1,1,"Patterning centers"
"311","PC TTR","MAGMA::SCZ 2020",3,0.486509413949816,1.15328790040451,"0.309259530075927","Inf","1.15329946926038","NMB,KCNJ13,OPCML","0.0619377356983197","0.205752704349956",1.15328790040451,"SCZ 2020","MAGMA",1,NA,29.8245614035088,0.899786313656143,2.5,34.0852130325815,1.20166507271542,2.5,3,1,3,"Patterning centers"
"312","PC TTR","MAGMA::TS 2019",2,0.783429023400476,0.693008551756966,"0.121582931024134","Inf","0.69299687654118","EMB,SPATA33","-0.159261406141519","-0.529054939492777",0.693008551756966,"TS 2019","MAGMA",1,NA,20.1127819548872,0.546758761863616,2.42160144861229,20.1127819548872,0.546758761863616,2.42160144861229,2,1,2,"Patterning centers"
"313","PC TTR","SFARI Score2",8,0.0212472132288457,2.45075159982679,"1.19303895222164","Inf","2.45076777527109","ATP2B2,MET,GALNT10,CGNL1,ADA,AHNAK,SLC38A10,SLC7A5","0.389299294813292","1.29322426476011",2.45075159982679,"SFARI Score2","GWAS",0.681038786288404,"Sign. nom.",14.7243107769423,0.377505495944089,2.5,16.1027568922306,0.440007180294045,2.41595849086849,8,1,8,"Patterning centers"
"314","PC TTR","SFARI Score3",9,0.373702447401646,1.16750744969221,"0.59999306317327","Inf","1.16752003126832","SAMD11,SLC29A4,GPR85,CADPS2,CUX2,STK39,GUCY1A2,PPP1R1B,SEZ6L2","0.0672596604157915","0.223431755587801",1.16750744969221,"SFARI Score3","GWAS",1,NA,16.2907268170426,0.426252609142557,2.48710449704077,21.9994430520746,0.652675413038554,2.35117530126986,9,1,9,"Patterning centers"
"315","PC TTR","SFARI Syndromic",2,0.617377901096041,0.962977665204491,"0.168412299856688","Inf","0.962975620870358","GALNT2,CUX2","-0.0163837855555588","-0.0544257575376207",0.962977665204491,"SFARI Syndromic","GWAS",1,NA,17.7944862155388,0.47720977316922,2.3021533981697,17.7944862155388,0.47720977316922,2.3021533981697,2,1,2,"Patterning centers"
